subject,site,cond,window,tmin,tmax,A1,gamma1,f1,A2,gamma2,f2,R2,RMSE_uV,n_eeg,n_roi,roi_ok,roi_names,agg,file,evoked_comment,fit_valid,fit_issues
01,dlpfc,active,80-200ms,0.08,0.2,-0.0426085747501822,3.273858167185399,6.9741193171549245,-0.5594614607014038,11.911086223111214,61.185504308426815,0.9424915730867686,0.021800831533184347,30,5,True,"Fp2,F4,F8,FC2,FC6",pca1,sub-01_DLPFC_active_ave.fif,DLPFC_active,False,A1 non-trivial
01,dlpfc,sham,80-200ms,0.08,0.2,0.022355515154518318,1.0000000000153093,4.000000000000001,0.5294549910068622,11.496074218423745,60.94118394486133,0.9249928979568832,0.024897658632678742,30,5,True,"Fp2,F4,F8,FC2,FC6",pca1,sub-01_DLPFC_sham_ave.fif,DLPFC_sham,False,A1 non-trivial
01,m1,active,80-200ms,0.08,0.2,-0.0505667474435563,8.716477215429965,4.277348744381404,-0.58729584466367,12.284984740444093,61.252587297837835,0.9400779847593348,0.022253612437337127,30,5,True,"C3,FC1,CP1,FC5,CP5",pca1,sub-01_M1_active_ave.fif,M1_active,False,A1 non-trivial
01,m1,sham,80-200ms,0.08,0.2,-0.017324158471273495,1.00000000000004,4.000000000000001,-0.581566135826759,12.140619695810415,61.121857614515,0.9482180488427753,0.020686952642068726,30,5,True,"C3,FC1,CP1,FC5,CP5",pca1,sub-01_M1_sham_ave.fif,M1_sham,False,A1 non-trivial
01,ppc,active,80-200ms,0.08,0.2,-0.01707678799432253,1.00000000000048,4.000000000000001,-0.6138340970701188,12.754517079865574,61.504255428215096,0.9197439502058823,0.02575408975044456,30,5,True,"P3,P7,Pz,CP1,CP5",pca1,sub-01_PPC_active_ave.fif,PPC_active,False,A1 non-trivial
01,ppc,sham,80-200ms,0.08,0.2,-0.05451724708496549,14.999999999999423,4.984782905503349,-0.5979830673007724,12.358277003407125,61.25697071868558,0.9394322865896372,0.02237318964791885,30,5,True,"P3,P7,Pz,CP1,CP5",pca1,sub-01_PPC_sham_ave.fif,PPC_sham,False,A1 non-trivial
02,dlpfc,active,80-200ms,0.08,0.2,0.08097285500317249,1.0000000000000002,6.669643271460814,-0.4369116476874201,11.573868374569395,60.90883738828257,0.9600585235091584,0.01816851251675162,30,5,True,"Fp2,F4,F8,FC2,FC6",pca1,sub-02_DLPFC_active_ave.fif,DLPFC_active,False,A1 non-trivial
02,dlpfc,sham,80-200ms,0.08,0.2,-0.021572371375132703,1.0000000000000469,4.000000000000001,-0.5740551208560308,12.06914858176345,61.057900486735754,0.9492541295736244,0.02047894916605812,30,5,True,"Fp2,F4,F8,FC2,FC6",pca1,sub-02_DLPFC_sham_ave.fif,DLPFC_sham,False,A1 non-trivial
02,m1,active,80-200ms,0.08,0.2,-0.05588719589060159,14.999999999999998,5.165600723053665,-0.5922992360170686,12.253755571354443,61.21070514233112,0.9429482422535699,0.021714099801565953,30,5,True,"C3,FC1,CP1,FC5,CP5",pca1,sub-02_M1_active_ave.fif,M1_active,False,A1 non-trivial
02,m1,sham,80-200ms,0.08,0.2,0.011028987403923924,1.0000000000000002,4.029502984428342,0.5947283685031611,12.32221075812184,61.238139832340245,0.9398134811966388,0.022302673525128314,30,5,True,"C3,FC1,CP1,FC5,CP5",pca1,sub-02_M1_sham_ave.fif,M1_sham,False,A1 non-trivial
02,ppc,active,80-200ms,0.08,0.2,-0.06291347878175098,9.605471595884564,6.65240716263173,-0.6382068385727028,13.22321830798234,61.86732168858618,0.8903136864308863,0.030108112849490474,30,5,True,"P3,P7,Pz,CP1,CP5",pca1,sub-02_PPC_active_ave.fif,PPC_active,False,A1 non-trivial
02,ppc,sham,80-200ms,0.08,0.2,-0.047889509566077806,11.745934044648354,6.5569742093818535,-0.581981824862699,11.964047986576599,60.8599006883623,0.97013657529311,0.015710033828622887,30,5,True,"P3,P7,Pz,CP1,CP5",pca1,sub-02_PPC_sham_ave.fif,PPC_sham,False,A1 non-trivial
03,dlpfc,active,80-200ms,0.08,0.2,0.007701851632550964,1.0000000000000087,11.999999999999998,-0.568295066726246,11.753968606636171,60.675921903029185,0.9734057311978023,0.014825226659281912,30,5,True,"Fp2,F4,F8,FC2,FC6",pca1,sub-03_DLPFC_active_ave.fif,DLPFC_active,False,A1 non-trivial
03,dlpfc,sham,80-200ms,0.08,0.2,0.04306499969577824,1.0000000000000002,9.602894109033869,0.6986797729422651,14.227797552032303,61.79307858266561,0.8826223342579539,0.031145840065030496,30,5,True,"Fp2,F4,F8,FC2,FC6",pca1,sub-03_DLPFC_sham_ave.fif,DLPFC_sham,False,A1 non-trivial
03,m1,active,80-200ms,0.08,0.2,-0.017491208275665245,1.0000000000002292,4.000000000000001,-0.5915558628117358,12.344318296719752,61.29147398006874,0.9371467597990011,0.022791407727174112,30,5,True,"C3,FC1,CP1,FC5,CP5",pca1,sub-03_M1_active_ave.fif,M1_active,False,A1 non-trivial
03,m1,sham,80-200ms,0.08,0.2,0.02209476902723283,6.120473931637003,4.394140021650949,0.5948523805630029,12.327567922519664,61.25618406557113,0.9397249132644946,0.022319077327477146,30,5,True,"C3,FC1,CP1,FC5,CP5",pca1,sub-03_M1_sham_ave.fif,M1_sham,False,A1 non-trivial
03,ppc,active,80-200ms,0.08,0.2,0.007471655107600145,1.0000000000001041,4.362029496160914,0.6137201604730387,12.646357181122738,61.42895305571678,0.9249032239278655,0.024912537266752324,30,5,True,"P3,P7,Pz,CP1,CP5",pca1,sub-03_PPC_active_ave.fif,PPC_active,False,A1 non-trivial
03,ppc,sham,80-200ms,0.08,0.2,-0.02251385852805403,1.0000000000000002,10.090426521726279,0.5260831027794326,11.310577454888215,61.184132108222556,0.9542589943857779,0.019442860896285875,30,5,True,"P3,P7,Pz,CP1,CP5",pca1,sub-03_PPC_sham_ave.fif,PPC_sham,False,A1 non-trivial
04,dlpfc,active,80-200ms,0.08,0.2,0.024717424541558113,2.8239987829807776,7.140087882809711,-0.5266682356747608,11.200986292963929,59.88336675695905,0.994180639239924,0.006934975889281262,30,5,True,"Fp2,F4,F8,FC2,FC6",pca1,sub-04_DLPFC_active_ave.fif,DLPFC_active,False,A1 non-trivial
04,dlpfc,sham,80-200ms,0.08,0.2,0.17208442050766096,14.575198457614425,7.70079059666374,0.5814275152201765,12.416008118198231,61.765824071512995,0.8970540478690501,0.029168356020178168,30,5,True,"Fp2,F4,F8,FC2,FC6",pca1,sub-04_DLPFC_sham_ave.fif,DLPFC_sham,True,
04,m1,active,80-200ms,0.08,0.2,0.014407968729339965,1.000000000000114,4.027234147100178,0.60573221944868,12.515882161438526,61.28515151938899,0.9384572147163714,0.02255256216611123,30,5,True,"C3,FC1,CP1,FC5,CP5",pca1,sub-04_M1_active_ave.fif,M1_active,False,A1 non-trivial
04,m1,sham,80-200ms,0.08,0.2,-0.014656257298984806,1.0000000000176128,4.000000000000001,-0.6085946412080188,12.54109880433132,61.22934583236483,0.9421547835135864,0.021864575011670145,30,5,True,"C3,FC1,CP1,FC5,CP5",pca1,sub-04_M1_sham_ave.fif,M1_sham,False,A1 non-trivial
04,ppc,active,80-200ms,0.08,0.2,0.010893300618186545,1.0000000000000002,4.177544986860264,0.6080637103311404,12.564604063247575,61.37895191660968,0.9296145896370543,0.024118408039817626,30,5,True,"P3,P7,Pz,CP1,CP5",pca1,sub-04_PPC_active_ave.fif,PPC_active,False,A1 non-trivial
04,ppc,sham,80-200ms,0.08,0.2,0.061620619790414555,9.896839859916422,9.90924944339552,-0.5736666506458189,12.007928832913215,60.930300700574534,0.9624254196898828,0.01762196701870935,30,5,True,"P3,P7,Pz,CP1,CP5",pca1,sub-04_PPC_sham_ave.fif,PPC_sham,False,A1 non-trivial
05,dlpfc,active,80-200ms,0.08,0.2,0.08775160124706478,1.0000000000000002,6.69255687209728,-0.41304454830881676,11.605038863635475,58.940777040869115,0.9654321989086945,0.016902198276378053,30,5,True,"Fp2,F4,F8,FC2,FC6",pca1,sub-05_DLPFC_active_ave.fif,DLPFC_active,False,A1 non-trivial
05,dlpfc,sham,80-200ms,0.08,0.2,0.04635007395583806,1.0000000000000002,7.820364309281885,-0.4994272978725875,11.275890366053176,60.7637152118841,0.9562001623866158,0.01902582794728448,30,5,True,"Fp2,F4,F8,FC2,FC6",pca1,sub-05_DLPFC_sham_ave.fif,DLPFC_sham,False,A1 non-trivial
05,m1,active,80-200ms,0.08,0.2,-0.015046700137755024,1.0000000000001759,4.008239844285829,-0.6095033096889982,12.639407593188855,61.432934658947325,0.9260472525253299,0.02472204949572267,30,5,True,"C3,FC1,CP1,FC5,CP5",pca1,sub-05_M1_active_ave.fif,M1_active,False,A1 non-trivial
05,m1,sham,80-200ms,0.08,0.2,-0.12705345581944785,1.1776825117086254,7.102160692890853,0.14663569570988547,14.999999999999998,59.058875880638965,0.8380073327273867,0.03658937515610895,30,5,True,"C3,FC1,CP1,FC5,CP5",pca1,sub-05_M1_sham_ave.fif,M1_sham,True,
05,ppc,active,80-200ms,0.08,0.2,0.06166034327369862,14.99999999999998,4.98782555408388,0.6086160440676144,12.583743476514142,61.40469473411008,0.9270625224157414,0.024551763093851743,30,5,True,"P3,P7,Pz,CP1,CP5",pca1,sub-05_PPC_active_ave.fif,PPC_active,False,A1 non-trivial
05,ppc,sham,80-200ms,0.08,0.2,-0.06784535302002849,14.999999999999998,6.798986236148577,-0.6255514007946615,12.938884455522452,61.758644376555736,0.8965083747896969,0.029245558428436482,30,5,True,"P3,P7,Pz,CP1,CP5",pca1,sub-05_PPC_sham_ave.fif,PPC_sham,False,A1 non-trivial
06,dlpfc,active,80-200ms,0.08,0.2,0.1244872044043143,14.999999999999998,8.024316202657804,0.5888600596362638,12.543951268286298,62.07658059275382,0.8709987762270758,0.03265158214287776,30,5,True,"Fp2,F4,F8,FC2,FC6",pca1,sub-06_DLPFC_active_ave.fif,DLPFC_active,True,
06,dlpfc,sham,80-200ms,0.08,0.2,-0.2701935525749316,14.999999999999998,9.55559537793718,-0.5574972298795028,12.692858352596524,58.997270569743925,0.9552509188963412,0.01923088964669974,30,5,True,"Fp2,F4,F8,FC2,FC6",pca1,sub-06_DLPFC_sham_ave.fif,DLPFC_sham,True,
06,m1,active,80-200ms,0.08,0.2,0.050587996691865464,14.999999999999998,5.378530409206057,0.6074994823590123,12.534853918263094,61.37808350822197,0.929158967748134,0.02419634428032378,30,5,True,"C3,FC1,CP1,FC5,CP5",pca1,sub-06_M1_active_ave.fif,M1_active,False,A1 non-trivial
06,m1,sham,80-200ms,0.08,0.2,0.0688602275762266,14.999999999999998,4.773964389634062,0.6126747931091691,12.707744553805874,61.51013087511282,0.9181348439411662,0.026010988788538993,30,5,True,"C3,FC1,CP1,FC5,CP5",pca1,sub-06_M1_sham_ave.fif,M1_sham,False,A1 non-trivial
06,ppc,active,80-200ms,0.08,0.2,-0.07117303380741563,14.999999999999998,5.09359005907775,-0.6058980769027335,12.545970801659237,61.411654921798146,0.9282566438570579,0.02434995480022809,30,5,True,"P3,P7,Pz,CP1,CP5",pca1,sub-06_PPC_active_ave.fif,PPC_active,False,A1 non-trivial
06,ppc,sham,80-200ms,0.08,0.2,-0.06002348906444234,14.999999999999703,5.086026280422413,-0.6133961691648561,12.68093906540159,61.480862929663665,0.9208829922324338,0.02557067790273573,30,5,True,"P3,P7,Pz,CP1,CP5",pca1,sub-06_PPC_sham_ave.fif,PPC_sham,False,A1 non-trivial
07,dlpfc,active,80-200ms,0.08,0.2,0.0035381020233229412,1.0000000000058336,11.218399315750471,0.5681129537297762,11.753519546735495,60.779450329077186,0.9681781285946539,0.016216987167874744,30,5,True,"Fp2,F4,F8,FC2,FC6",pca1,sub-07_DLPFC_active_ave.fif,DLPFC_active,False,A1 non-trivial
07,dlpfc,sham,80-200ms,0.08,0.2,-0.052007027983512664,14.999999999999996,5.596181241019941,-0.5751575625146544,11.86431859155547,60.78811905140871,0.9709394547004853,0.01549741255476471,30,5,True,"Fp2,F4,F8,FC2,FC6",pca1,sub-07_DLPFC_sham_ave.fif,DLPFC_sham,False,A1 non-trivial
07,m1,active,80-200ms,0.08,0.2,0.0424664345981024,8.985532298592481,4.247290957012142,0.5769918112137445,12.003376569919947,60.98648845703448,0.9595981859440682,0.018272911365146836,30,5,True,"C3,FC1,CP1,FC5,CP5",pca1,sub-07_M1_active_ave.fif,M1_active,False,A1 non-trivial
07,m1,sham,80-200ms,0.08,0.2,0.20211143947691176,11.355571077954476,4.145461383931639,0.5234838017439207,11.733789263691845,60.83318049448106,0.9685429676239468,0.016123754966305307,30,5,True,"C3,FC1,CP1,FC5,CP5",pca1,sub-07_M1_sham_ave.fif,M1_sham,True,
07,ppc,active,80-200ms,0.08,0.2,0.050063083200509964,14.999999999999998,11.735307418795767,-0.6104419913994263,12.59140090792656,61.426979036078066,0.9260651978430742,0.024719049796823385,30,5,True,"P3,P7,Pz,CP1,CP5",pca1,sub-07_PPC_active_ave.fif,PPC_active,False,A1 non-trivial
07,ppc,sham,80-200ms,0.08,0.2,0.04519906213992372,14.999999999999998,11.421141423928269,-0.6005878952493044,12.391491844684472,61.2741126044053,0.9380192031173076,0.02263267529099293,30,5,True,"P3,P7,Pz,CP1,CP5",pca1,sub-07_PPC_sham_ave.fif,PPC_sham,False,A1 non-trivial
08,dlpfc,active,80-200ms,0.08,0.2,-0.013895245998907882,1.0000000000002172,4.000000000000001,-0.5541206357595997,11.582184007342148,60.32518518590464,0.9830924896196946,0.011820807534305467,30,5,True,"Fp2,F4,F8,FC2,FC6",pca1,sub-08_DLPFC_active_ave.fif,DLPFC_active,False,A1 non-trivial
08,dlpfc,sham,80-200ms,0.08,0.2,0.04359131282703303,3.8770904800392945,4.000000000000001,0.5834286765563123,12.290930890641645,61.08592501592812,0.954691398693937,0.01935074289292957,30,5,True,"Fp2,F4,F8,FC2,FC6",pca1,sub-08_DLPFC_sham_ave.fif,DLPFC_sham,False,A1 non-trivial
08,m1,active,80-200ms,0.08,0.2,-0.1382859922209595,14.999999999999998,4.640148709617765,-0.5961558264943745,12.46844917475309,61.255761767237814,0.9395778383786062,0.022346290691628176,30,5,True,"C3,FC1,CP1,FC5,CP5",pca1,sub-08_M1_active_ave.fif,M1_active,True,
08,m1,sham,80-200ms,0.08,0.2,-0.04131890703077794,4.2666154788287285,4.000000000000001,-0.5706202026335911,12.067889167451211,61.11490830978157,0.9523036310882663,0.01985408942979818,30,5,True,"C3,FC1,CP1,FC5,CP5",pca1,sub-08_M1_sham_ave.fif,M1_sham,False,A1 non-trivial
08,ppc,active,80-200ms,0.08,0.2,-0.0524553873546487,14.99999999999982,5.086319457196977,-0.6121671469932667,12.64433159917463,61.450204498081376,0.9229450216902247,0.02523525317163559,30,5,True,"P3,P7,Pz,CP1,CP5",pca1,sub-08_PPC_active_ave.fif,PPC_active,False,A1 non-trivial
08,ppc,sham,80-200ms,0.08,0.2,0.06696715465565499,14.99999999991764,4.801377583360729,0.5862022186096999,12.187718591154493,61.21413979415192,0.9425265703099305,0.021794196986559933,30,5,True,"P3,P7,Pz,CP1,CP5",pca1,sub-08_PPC_sham_ave.fif,PPC_sham,False,A1 non-trivial
09,dlpfc,active,80-200ms,0.08,0.2,0.015129493186909178,4.776330726082793,9.312269941904136,0.5694752175352716,11.762307420632409,60.78800313806967,0.9697960613155915,0.015799345809250232,30,5,True,"Fp2,F4,F8,FC2,FC6",pca1,sub-09_DLPFC_active_ave.fif,DLPFC_active,False,A1 non-trivial
09,dlpfc,sham,80-200ms,0.08,0.2,0.09239773789299728,14.999999999999998,4.615558923318033,0.6414629656306731,13.212102116513964,61.54641454690938,0.9070217677764721,0.02772030199033581,30,5,True,"Fp2,F4,F8,FC2,FC6",pca1,sub-09_DLPFC_sham_ave.fif,DLPFC_sham,False,A1 non-trivial
09,m1,active,80-200ms,0.08,0.2,0.10890293673278326,14.999999999999996,4.470982508401202,0.5909321902335607,12.332672164887835,61.2245993046082,0.9429167493509929,0.021720092129512744,30,5,True,"C3,FC1,CP1,FC5,CP5",pca1,sub-09_M1_active_ave.fif,M1_active,True,
09,m1,sham,80-200ms,0.08,0.2,-0.01803141856844159,4.15733548597442,4.249271938949599,-0.5879029460531414,12.19443983798749,61.17076916131573,0.9469580620491674,0.02093712309781846,30,5,True,"C3,FC1,CP1,FC5,CP5",pca1,sub-09_M1_sham_ave.fif,M1_sham,False,A1 non-trivial
09,ppc,active,80-200ms,0.08,0.2,-0.07816643149054617,14.999999999999998,4.797563875149091,-0.5778146650860557,11.957296319986066,60.87812271601054,0.9673625677597759,0.016423484556965892,30,5,True,"P3,P7,Pz,CP1,CP5",pca1,sub-09_PPC_active_ave.fif,PPC_active,False,A1 non-trivial
09,ppc,sham,80-200ms,0.08,0.2,0.06727311691294534,14.99999999999836,4.944090501285019,0.5906561535440354,12.247009461316939,61.208050732158696,0.9429405492576463,0.021715563742879935,30,5,True,"P3,P7,Pz,CP1,CP5",pca1,sub-09_PPC_sham_ave.fif,PPC_sham,False,A1 non-trivial
10,dlpfc,active,80-200ms,0.08,0.2,-0.06148055815479601,4.5085149454774704,4.000000000000001,-0.5468132072326848,11.830607609132578,60.94458575052201,0.9631718709776477,0.017446051206522137,30,5,True,"Fp2,F4,F8,FC2,FC6",pca1,sub-10_DLPFC_active_ave.fif,DLPFC_active,False,A1 non-trivial
10,dlpfc,sham,80-200ms,0.08,0.2,0.236486042677759,11.775030068594313,4.000000000000007,-0.4727553800733067,10.757734986228769,61.019140043248335,0.9378400785484067,0.022665355924090927,30,5,True,"Fp2,F4,F8,FC2,FC6",pca1,sub-10_DLPFC_sham_ave.fif,DLPFC_sham,True,
10,m1,active,80-200ms,0.08,0.2,0.09816845158133641,14.99999999999851,4.580448398338342,0.5856601625042995,12.250705769629885,61.265907076530524,0.9389590801493319,0.022460418786156428,30,5,True,"C3,FC1,CP1,FC5,CP5",pca1,sub-10_M1_active_ave.fif,M1_active,False,A1 non-trivial
10,m1,sham,80-200ms,0.08,0.2,0.05764739652217505,9.570492941021458,4.3217849710916685,0.587669964834824,12.253879486461889,61.18025957704283,0.9482738247324844,0.02067580837232122,30,5,True,"C3,FC1,CP1,FC5,CP5",pca1,sub-10_M1_sham_ave.fif,M1_sham,False,A1 non-trivial
10,ppc,active,80-200ms,0.08,0.2,-0.021133430289631112,1.0000000000003504,5.976017054946792,0.5237685540760285,11.679197979254619,58.403459033071044,0.9130434825182631,0.02680762773715684,30,5,True,"P3,P7,Pz,CP1,CP5",pca1,sub-10_PPC_active_ave.fif,PPC_active,False,A1 non-trivial
10,ppc,sham,80-200ms,0.08,0.2,0.057518483138331744,14.999999999997879,4.805687349950107,0.5891557438827922,12.225506066521167,61.21933284421006,0.941623333741454,0.021964785164408165,30,5,True,"P3,P7,Pz,CP1,CP5",pca1,sub-10_PPC_sham_ave.fif,PPC_sham,False,A1 non-trivial
11,dlpfc,active,80-200ms,0.08,0.2,-0.031183808639555426,7.302132529462911,7.563782537516629,-0.5609517540357376,11.621057783456514,60.60078595388476,0.9798497984837355,0.012904673225753975,30,5,True,"Fp2,F4,F8,FC2,FC6",pca1,sub-11_DLPFC_active_ave.fif,DLPFC_active,False,A1 non-trivial
11,dlpfc,sham,80-200ms,0.08,0.2,0.10418237632686554,1.4115699138716393,7.190861268476326,-0.3566527625476334,10.996601339808953,59.855775463501615,0.9864363038236985,0.010587571139194929,30,5,True,"Fp2,F4,F8,FC2,FC6",pca1,sub-11_DLPFC_sham_ave.fif,DLPFC_sham,True,
11,m1,active,80-200ms,0.08,0.2,-0.03556902198737672,6.978832799836667,4.226599276693312,-0.5874006059116614,12.241869666047487,61.21869400273594,0.9441229051042079,0.021489396751605473,30,5,True,"C3,FC1,CP1,FC5,CP5",pca1,sub-11_M1_active_ave.fif,M1_active,False,A1 non-trivial
11,m1,sham,80-200ms,0.08,0.2,-0.02645588323726658,3.2099245821532962,4.000000000000147,-0.593322760596117,12.367436216697923,61.25074310224096,0.9430457108021856,0.021695543436316564,30,5,True,"C3,FC1,CP1,FC5,CP5",pca1,sub-11_M1_sham_ave.fif,M1_sham,False,A1 non-trivial
11,ppc,active,80-200ms,0.08,0.2,0.02046001125437808,1.000000000000057,4.023397117713578,0.6430018099363275,13.442925618738329,62.02094796382834,0.8800169035748616,0.03148961476968678,30,5,True,"P3,P7,Pz,CP1,CP5",pca1,sub-11_PPC_active_ave.fif,PPC_active,False,A1 non-trivial
11,ppc,sham,80-200ms,0.08,0.2,0.044180165365880396,14.999999999999998,11.539921708533166,-0.6003145275595355,12.376618949799406,61.25530860573152,0.939445826953665,0.022370688661433494,30,5,True,"P3,P7,Pz,CP1,CP5",pca1,sub-11_PPC_sham_ave.fif,PPC_sham,False,A1 non-trivial
12,dlpfc,active,80-200ms,0.08,0.2,0.0715055308878678,7.972621157938991,7.298619121938596,0.5626259709147771,11.813440923745892,60.776194063275256,0.9674970712682059,0.016389607858321106,30,5,True,"Fp2,F4,F8,FC2,FC6",pca1,sub-12_DLPFC_active_ave.fif,DLPFC_active,False,A1 non-trivial
12,dlpfc,sham,80-200ms,0.08,0.2,0.13848913383785558,14.999999999999998,7.9516088234894555,0.5860933419666198,12.12759528421202,60.957303155017996,0.9581802330900923,0.018590801714499002,30,5,True,"Fp2,F4,F8,FC2,FC6",pca1,sub-12_DLPFC_sham_ave.fif,DLPFC_sham,True,
12,m1,active,80-200ms,0.08,0.2,-0.017731204213420105,1.0000000000000087,4.000000000000001,-0.5638682941284648,11.817196200846924,60.960676484315805,0.961471010156916,0.017844366161342395,30,5,True,"C3,FC1,CP1,FC5,CP5",pca1,sub-12_M1_active_ave.fif,M1_active,False,A1 non-trivial
12,m1,sham,80-200ms,0.08,0.2,0.0050479713026882,1.0000000000016012,4.343474655833757,0.5851682213924486,12.11563122846818,61.141170057100815,0.946054209503424,0.021114757383499466,30,5,True,"C3,FC1,CP1,FC5,CP5",pca1,sub-12_M1_sham_ave.fif,M1_sham,False,A1 non-trivial
12,ppc,active,80-200ms,0.08,0.2,0.09151752109408588,14.999999999999991,10.495296062818301,-0.6555593882964845,13.581456868918817,61.86002251601002,0.8849690528610379,0.030832920470393353,30,5,True,"P3,P7,Pz,CP1,CP5",pca1,sub-12_PPC_active_ave.fif,PPC_active,False,A1 non-trivial
12,ppc,sham,80-200ms,0.08,0.2,0.04275362689267519,14.999999999999998,7.629352289360923,0.5574669210365083,11.616148711843215,60.8336133703452,0.9593117287037444,0.018337576311172773,30,5,True,"P3,P7,Pz,CP1,CP5",pca1,sub-12_PPC_sham_ave.fif,PPC_sham,False,A1 non-trivial
13,dlpfc,active,80-200ms,0.08,0.2,0.07595392243376857,7.704566051238413,4.000000000000001,0.5460523552878516,11.627102537000837,60.66620363682401,0.979842840748147,0.012906900983989575,30,5,True,"Fp2,F4,F8,FC2,FC6",pca1,sub-13_DLPFC_active_ave.fif,DLPFC_active,False,A1 non-trivial
13,dlpfc,sham,80-200ms,0.08,0.2,-0.388165477595974,8.923220698662826,4.000000000000001,-0.23804570612318776,11.142523831978844,60.20942948149305,0.9704724697611534,0.015621433210718554,30,5,True,"Fp2,F4,F8,FC2,FC6",pca1,sub-13_DLPFC_sham_ave.fif,DLPFC_sham,True,
13,m1,active,80-200ms,0.08,0.2,0.010872607381191174,1.0000000000001579,6.743901100223482,-0.5922554450148446,12.287185036311522,61.233785741101144,0.9384377065317386,0.022556136303071007,30,5,True,"C3,FC1,CP1,FC5,CP5",pca1,sub-13_M1_active_ave.fif,M1_active,False,A1 non-trivial
13,m1,sham,80-200ms,0.08,0.2,0.10681229467343768,8.056912675872278,4.048725095490721,0.5656092145473609,12.22683845041613,61.18103141432899,0.9607912465024241,0.01800109122089042,30,5,True,"C3,FC1,CP1,FC5,CP5",pca1,sub-13_M1_sham_ave.fif,M1_sham,True,
13,ppc,active,80-200ms,0.08,0.2,-0.012104850219038708,1.0000000000000002,4.107976383821942,-0.5998318547905706,12.448979227198999,61.35486387478683,0.9307673132561918,0.02392009541982476,30,5,True,"P3,P7,Pz,CP1,CP5",pca1,sub-13_PPC_active_ave.fif,PPC_active,False,A1 non-trivial
13,ppc,sham,80-200ms,0.08,0.2,0.008353450231089557,1.0000000000345939,4.341978403318725,0.6150779525639575,12.677043247173508,61.44565590164606,0.9237268355542176,0.025106906042611506,30,5,True,"P3,P7,Pz,CP1,CP5",pca1,sub-13_PPC_sham_ave.fif,PPC_sham,False,A1 non-trivial
14,dlpfc,active,80-200ms,0.08,0.2,0.028991743049622248,3.3480721781622838,4.000000000000001,0.5578139743643193,11.687027281143687,60.582684994814464,0.980654250462938,0.01264445442074158,30,5,True,"Fp2,F4,F8,FC2,FC6",pca1,sub-14_DLPFC_active_ave.fif,DLPFC_active,False,A1 non-trivial
14,dlpfc,sham,80-200ms,0.08,0.2,-0.03621170061057476,2.335463985936069,6.608517256018712,0.6808597596442694,14.058796681467244,58.86841012622375,0.9278254536633804,0.024423018938968772,30,5,True,"Fp2,F4,F8,FC2,FC6",pca1,sub-14_DLPFC_sham_ave.fif,DLPFC_sham,False,A1 non-trivial
14,m1,active,80-200ms,0.08,0.2,-0.24649426622701878,13.17412215463785,9.100527458906061,-0.5076942275591771,11.33704152091342,60.59687744623785,0.977823976881093,0.013537832853158863,30,5,True,"C3,FC1,CP1,FC5,CP5",pca1,sub-14_M1_active_ave.fif,M1_active,True,
14,m1,sham,80-200ms,0.08,0.2,0.010298052989224461,1.0000000000000338,4.096443028341127,0.593015040668495,12.287309049225243,61.24733907707369,0.9407298632812952,0.02213223533015212,30,5,True,"C3,FC1,CP1,FC5,CP5",pca1,sub-14_M1_sham_ave.fif,M1_sham,False,A1 non-trivial
14,ppc,active,80-200ms,0.08,0.2,0.057171843789572754,14.999999999999998,5.174820356628641,0.6096406094350659,12.589503212004143,61.40541720683028,0.9267534944772531,0.02460371965621844,30,5,True,"P3,P7,Pz,CP1,CP5",pca1,sub-14_PPC_active_ave.fif,PPC_active,False,A1 non-trivial
14,ppc,sham,80-200ms,0.08,0.2,-0.053092428262072965,14.999999999994307,4.942979471677734,-0.6107401058039036,12.624845687083898,61.44205138858715,0.9236911385612944,0.02511278056096134,30,5,True,"P3,P7,Pz,CP1,CP5",pca1,sub-14_PPC_sham_ave.fif,PPC_sham,False,A1 non-trivial
15,dlpfc,active,80-200ms,0.08,0.2,0.05947638537437355,10.99306725343836,7.142480788385458,0.5887434707210404,12.123831258481792,61.03747686069568,0.9576610425401374,0.018705847732185157,30,5,True,"Fp2,F4,F8,FC2,FC6",pca1,sub-15_DLPFC_active_ave.fif,DLPFC_active,False,A1 non-trivial
15,dlpfc,sham,80-200ms,0.08,0.2,0.25749806228703137,5.825967220964841,4.000000000000001,0.28072027583850717,12.604270868264038,60.0476958602434,0.9619276037381069,0.01773831736745653,30,5,True,"Fp2,F4,F8,FC2,FC6",pca1,sub-15_DLPFC_sham_ave.fif,DLPFC_sham,True,
15,m1,active,80-200ms,0.08,0.2,-0.03344248613793605,2.2899643178321014,4.000000000000001,-0.5680367749748014,12.123464500413041,61.278421283109076,0.9370486490129204,0.022809188918705654,30,5,True,"C3,FC1,CP1,FC5,CP5",pca1,sub-15_M1_active_ave.fif,M1_active,False,A1 non-trivial
15,m1,sham,80-200ms,0.08,0.2,-0.012841350708144256,1.0000000000000002,4.072871815804827,-0.587015865863997,12.238495988227353,61.26164740896678,0.9363090616565176,0.022942785169451717,30,5,True,"C3,FC1,CP1,FC5,CP5",pca1,sub-15_M1_sham_ave.fif,M1_sham,False,A1 non-trivial
15,ppc,active,80-200ms,0.08,0.2,0.007612207789498926,1.0000000006910141,4.511240456227981,0.6315377918930495,13.000926298699984,61.655465659325465,0.905620460012819,0.027928412026729414,30,5,True,"P3,P7,Pz,CP1,CP5",pca1,sub-15_PPC_active_ave.fif,PPC_active,False,A1 non-trivial
15,ppc,sham,80-200ms,0.08,0.2,0.05066933297723225,8.074567250041284,4.157083698596687,0.5638656229753829,11.82496637782267,60.903849824639885,0.9654234332477365,0.016904341159980095,30,5,True,"P3,P7,Pz,CP1,CP5",pca1,sub-15_PPC_sham_ave.fif,PPC_sham,False,A1 non-trivial
16,dlpfc,active,80-200ms,0.08,0.2,0.009347552974762403,1.0000000000000002,6.385700289202501,-0.5479506918495288,11.430508868104052,60.136638730603615,0.9942672409672068,0.006883180502531013,30,5,True,"Fp2,F4,F8,FC2,FC6",pca1,sub-16_DLPFC_active_ave.fif,DLPFC_active,False,A1 non-trivial
16,dlpfc,sham,80-200ms,0.08,0.2,0.16072182091556697,5.943296627103987,4.000000000000001,0.45394811270159013,11.533584275674436,60.625049806582915,0.9702436561641749,0.01568184290891222,30,5,True,"Fp2,F4,F8,FC2,FC6",pca1,sub-16_DLPFC_sham_ave.fif,DLPFC_sham,True,
16,m1,active,80-200ms,0.08,0.2,0.04756767753956582,7.714000975241602,7.543981285125972,0.6005587648684704,12.357463536627405,61.17976877185378,0.9459514676481189,0.02113485475716212,30,5,True,"C3,FC1,CP1,FC5,CP5",pca1,sub-16_M1_active_ave.fif,M1_active,False,A1 non-trivial
16,m1,sham,80-200ms,0.08,0.2,-0.010380617571796428,1.0000000000000004,4.000000000016547,-0.6103411192566003,12.610524256031955,61.41000463750427,0.9267015147994611,0.024612448172333955,30,5,True,"C3,FC1,CP1,FC5,CP5",pca1,sub-16_M1_sham_ave.fif,M1_sham,False,A1 non-trivial
16,ppc,active,80-200ms,0.08,0.2,0.011041553467655391,1.0000000000000218,5.709366043284867,-0.5757163723968679,12.281619941220729,58.69944450112586,0.945093694875056,0.02130190406488414,30,5,True,"P3,P7,Pz,CP1,CP5",pca1,sub-16_PPC_active_ave.fif,PPC_active,False,A1 non-trivial
16,ppc,sham,80-200ms,0.08,0.2,-0.009004031634849969,1.0000000000000009,4.297510565414737,-0.614201050106203,12.668956927847834,61.45222121219935,0.9237765195990673,0.0250987274396844,30,5,True,"P3,P7,Pz,CP1,CP5",pca1,sub-16_PPC_sham_ave.fif,PPC_sham,False,A1 non-trivial
17,dlpfc,active,80-200ms,0.08,0.2,0.04514469695967946,1.0000000000000002,7.740854232295459,-0.5581559824196399,12.202247097368161,60.80604731204739,0.9593766463170936,0.018322941788009545,30,5,True,"Fp2,F4,F8,FC2,FC6",pca1,sub-17_DLPFC_active_ave.fif,DLPFC_active,False,A1 non-trivial
17,dlpfc,sham,80-200ms,0.08,0.2,-0.049920593396646847,14.999999999999998,11.89402039828957,0.5782793485213821,11.967517162299567,60.99013294881197,0.9562722104768254,0.01901017333738798,30,5,True,"Fp2,F4,F8,FC2,FC6",pca1,sub-17_DLPFC_sham_ave.fif,DLPFC_sham,False,A1 non-trivial
17,m1,active,80-200ms,0.08,0.2,-0.01757276562252005,1.0000000000177822,4.000000000000001,-0.5990329684745822,12.49149348166211,61.39199969106526,0.9300320875178627,0.024046771314784977,30,5,True,"C3,FC1,CP1,FC5,CP5",pca1,sub-17_M1_active_ave.fif,M1_active,False,A1 non-trivial
17,m1,sham,80-200ms,0.08,0.2,0.006670026964649245,1.0000000000000537,4.360438629619922,0.5966753956299464,12.289022636697032,61.15548886971257,0.9467150982569899,0.0209850205822642,30,5,True,"C3,FC1,CP1,FC5,CP5",pca1,sub-17_M1_sham_ave.fif,M1_sham,False,A1 non-trivial
17,ppc,active,80-200ms,0.08,0.2,-0.007668559568991547,1.0000000000001095,4.4450708987221486,-0.6194600238760638,12.75308400376541,61.48851394533648,0.9201643085883792,0.02568655490046408,30,5,True,"P3,P7,Pz,CP1,CP5",pca1,sub-17_PPC_active_ave.fif,PPC_active,False,A1 non-trivial
17,ppc,sham,80-200ms,0.08,0.2,0.00946916482292326,1.0000000000000469,4.314529053474312,0.6181105212871543,12.739310154725159,61.48159373293137,0.921512013901216,0.025468824908435616,30,5,True,"P3,P7,Pz,CP1,CP5",pca1,sub-17_PPC_sham_ave.fif,PPC_sham,False,A1 non-trivial
18,dlpfc,active,80-200ms,0.08,0.2,-0.17122768777942418,10.66269383127897,9.781313408001546,-0.5095481031079855,11.322060228229098,60.19427141882914,0.978469751136055,0.013339263137283496,30,5,True,"Fp2,F4,F8,FC2,FC6",pca1,sub-18_DLPFC_active_ave.fif,DLPFC_active,True,
18,dlpfc,sham,80-200ms,0.08,0.2,0.012336993359762636,1.0000000000501261,4.1965981615128,0.6327515483306427,13.051976855259165,61.72979163613063,0.9070174465760454,0.027720946138897206,30,5,True,"Fp2,F4,F8,FC2,FC6",pca1,sub-18_DLPFC_sham_ave.fif,DLPFC_sham,False,A1 non-trivial
18,m1,active,80-200ms,0.08,0.2,0.09928082711371622,9.669130838661815,4.134359102613732,0.5603885424150528,12.00587428559551,61.166439153154755,0.9518702249465104,0.019944090253179874,30,5,True,"C3,FC1,CP1,FC5,CP5",pca1,sub-18_M1_active_ave.fif,M1_active,False,A1 non-trivial
18,m1,sham,80-200ms,0.08,0.2,0.016149463845531186,1.0000000000000178,4.046119582322126,0.6054060043322781,12.601928001140433,61.475472670973275,0.9240115076133621,0.02506000936524999,30,5,True,"C3,FC1,CP1,FC5,CP5",pca1,sub-18_M1_sham_ave.fif,M1_sham,False,A1 non-trivial
18,ppc,active,80-200ms,0.08,0.2,-0.051239197492835856,14.999999999999998,10.898867802425293,0.595168457444101,12.324168398661781,61.260770447871394,0.9395889620476142,0.02234423363031074,30,5,True,"P3,P7,Pz,CP1,CP5",pca1,sub-18_PPC_active_ave.fif,PPC_active,False,A1 non-trivial
18,ppc,sham,80-200ms,0.08,0.2,-0.06054918449964352,14.999999999999998,5.158809802562011,-0.5916336147513207,12.231296436005211,61.170182984049426,0.9464238434081448,0.021042294402104287,30,5,True,"P3,P7,Pz,CP1,CP5",pca1,sub-18_PPC_sham_ave.fif,PPC_sham,False,A1 non-trivial
19,dlpfc,active,80-200ms,0.08,0.2,-0.0964988347869254,1.0000000000000002,6.4737623165738,0.5282228039776461,14.99999999999844,58.56705102552364,0.9064134425561134,0.027810836441862153,30,5,True,"Fp2,F4,F8,FC2,FC6",pca1,sub-19_DLPFC_active_ave.fif,DLPFC_active,False,A1 non-trivial
19,dlpfc,sham,80-200ms,0.08,0.2,-0.07749280548783562,3.337269491227329,7.3421287349274005,0.5060503744190993,11.609034772879673,60.04030791029105,0.9891288925795874,0.009478600265302797,30,5,True,"Fp2,F4,F8,FC2,FC6",pca1,sub-19_DLPFC_sham_ave.fif,DLPFC_sham,False,A1 non-trivial
19,m1,active,80-200ms,0.08,0.2,0.03021996089477882,1.0000000000000002,7.175082002067983,-0.5505619450150727,11.743843834866823,60.821022939863155,0.9702987775064197,0.015667311471236248,30,5,True,"C3,FC1,CP1,FC5,CP5",pca1,sub-19_M1_active_ave.fif,M1_active,False,A1 non-trivial
19,m1,sham,80-200ms,0.08,0.2,-0.06548880119827857,3.595265808037393,7.1427711396071345,-0.5710831237432684,12.330135809601675,61.2761964445749,0.9457571434017903,0.021172814435340876,30,5,True,"C3,FC1,CP1,FC5,CP5",pca1,sub-19_M1_sham_ave.fif,M1_sham,False,A1 non-trivial
19,ppc,active,80-200ms,0.08,0.2,-0.00848282842164316,1.0000000000000613,4.342510871067627,-0.6127214889139848,12.632666282278402,61.42129049132909,0.925959362501714,0.024736735740606242,30,5,True,"P3,P7,Pz,CP1,CP5",pca1,sub-19_PPC_active_ave.fif,PPC_active,False,A1 non-trivial
19,ppc,sham,80-200ms,0.08,0.2,-0.08680857532645016,14.999999999999979,4.650662674434275,-0.5910712268902324,12.2938311249762,61.22415035887849,0.9420005568495126,0.021893703226513312,30,5,True,"P3,P7,Pz,CP1,CP5",pca1,sub-19_PPC_sham_ave.fif,PPC_sham,False,A1 non-trivial
20,dlpfc,active,80-200ms,0.08,0.2,-0.1391320468323229,5.129278022072033,4.000000000000001,-0.46546004992595325,11.627029112192096,60.51714107001858,0.9701212157124581,0.015714073360512382,30,5,True,"Fp2,F4,F8,FC2,FC6",pca1,sub-20_DLPFC_active_ave.fif,DLPFC_active,True,
20,dlpfc,sham,80-200ms,0.08,0.2,0.03578022640401665,1.0000000000000002,6.836826912149895,-0.5834628821499078,12.450905053624497,61.087944520380205,0.947523751822194,0.020825177106606182,30,5,True,"Fp2,F4,F8,FC2,FC6",pca1,sub-20_DLPFC_sham_ave.fif,DLPFC_sham,False,A1 non-trivial
20,m1,active,80-200ms,0.08,0.2,0.030411833459478416,2.528582776140777,4.000000000000001,0.5814416741501122,12.272211720538863,61.28458960401115,0.9387098279221843,0.02250622908910613,30,5,True,"C3,FC1,CP1,FC5,CP5",pca1,sub-20_M1_active_ave.fif,M1_active,False,A1 non-trivial
20,m1,sham,80-200ms,0.08,0.2,-0.00960988837024671,1.0000000000000007,11.935516958749957,0.5792759765165988,11.978462919771301,60.94725134335762,0.9588732082099916,0.018436128695594585,30,5,True,"C3,FC1,CP1,FC5,CP5",pca1,sub-20_M1_sham_ave.fif,M1_sham,False,A1 non-trivial
20,ppc,active,80-200ms,0.08,0.2,0.0075985411609768546,1.0000000000002087,4.325425337676637,0.6145037756412286,12.65138206630217,61.39546045564354,0.9261678305789733,0.024701886940653225,30,5,True,"P3,P7,Pz,CP1,CP5",pca1,sub-20_PPC_active_ave.fif,PPC_active,False,A1 non-trivial
20,ppc,sham,80-200ms,0.08,0.2,-0.13140340145489646,2.2983659969456807,7.333726925093927,0.3032578406827248,11.485511868999428,60.621097767904764,0.9450457870753904,0.021311195391582684,30,5,True,"P3,P7,Pz,CP1,CP5",pca1,sub-20_PPC_sham_ave.fif,PPC_sham,True,
