subject,site,cond,window,tmin,tmax,A1,gamma1,f1,A2,gamma2,f2,R2,RMSE_uV,n_eeg,n_roi,roi_ok,roi_names,agg,file,evoked_comment,fit_valid,fit_issues,mi_early_late_bits,bins_early,bins_late,resample_n
1,dlpfc,active,early,0.015,0.08,0.8443413598912264,86.1676695004562,15.85228218352078,-0.1982500821814266,20.000000000000185,52.706753089757406,0.5742747361067951,0.0803142751088941,30,5,True,"Fp2,F4,F8,FC2,FC6",pca1,sub-01_DLPFC_active_ave.fif,DLPFC_active,True,,0.4505034924213601,10,8,128
1,dlpfc,sham,early,0.015,0.08,0.5825677327753533,69.88450688022233,16.122800879499703,-0.1857494527421281,20.000000000000004,52.282974294172575,0.492196450489456,0.0877154101307739,30,5,True,"Fp2,F4,F8,FC2,FC6",pca1,sub-01_DLPFC_sham_ave.fif,DLPFC_sham,True,,0.6852253755148542,10,9,128
1,m1,active,early,0.015,0.08,0.393700835453121,66.62095348135246,19.020055962763184,-0.2174381780554954,20.000000000000004,52.88333584171494,0.4370218122277944,0.0923578504622733,30,5,True,"C3,FC1,CP1,FC5,CP5",pca1,sub-01_M1_active_ave.fif,M1_active,True,,0.6730289019211955,9,8,128
1,m1,sham,early,0.015,0.08,0.3393498272572375,67.82879293292521,18.503022549407863,-0.2005957072432413,20.000000000019742,52.5435598719229,0.3620380677138772,0.098316274762283,30,5,True,"C3,FC1,CP1,FC5,CP5",pca1,sub-01_M1_sham_ave.fif,M1_sham,True,,0.8258776416710429,10,8,128
1,ppc,active,early,0.015,0.08,0.4949641122789818,80.97695649645726,20.20130078282576,-0.2573887005154393,20.000000000022474,53.56527949726016,0.5494620042673255,0.0826216271244019,30,5,True,"P3,P7,Pz,CP1,CP5",pca1,sub-01_PPC_active_ave.fif,PPC_active,True,,0.6050191736859214,8,8,128
1,ppc,sham,early,0.015,0.08,0.4316254963961753,75.2032337185525,18.73950926837943,-0.2179093176340703,20.000000000004384,52.90645500284246,0.4276418665087182,0.0931240727830068,30,5,True,"P3,P7,Pz,CP1,CP5",pca1,sub-01_PPC_sham_ave.fif,PPC_sham,True,,0.6793380811794851,9,8,128
2,dlpfc,active,early,0.015,0.08,0.7834534531569725,76.48666239130915,15.787692718682854,-0.1763235668877966,20.000000000000004,52.43770655097136,0.5738764932148221,0.0803518311519958,30,5,True,"Fp2,F4,F8,FC2,FC6",pca1,sub-02_DLPFC_active_ave.fif,DLPFC_active,True,,0.6664345685420087,11,10,128
2,dlpfc,sham,early,0.015,0.08,0.3941721647338021,69.71869033350224,18.04259819376162,-0.1915033498203782,20.00000000000702,52.39637634366177,0.3633122310932394,0.0982180450700624,30,5,True,"Fp2,F4,F8,FC2,FC6",pca1,sub-02_DLPFC_sham_ave.fif,DLPFC_sham,True,,0.632726134331064,11,8,128
2,m1,active,early,0.015,0.08,0.4150702404989609,72.44270570991922,18.59894381438403,-0.2123460713363341,20.00000000003024,52.790132810046046,0.414843627015737,0.0941594692597912,30,5,True,"C3,FC1,CP1,FC5,CP5",pca1,sub-02_M1_active_ave.fif,M1_active,True,,0.6432929872427411,9,8,128
2,m1,sham,early,0.015,0.08,0.4172475468414541,74.73954569227523,18.56077506421871,-0.2143558215569461,20.000000000000043,52.83009600270648,0.4135634613302402,0.0942624108596096,30,5,True,"C3,FC1,CP1,FC5,CP5",pca1,sub-02_M1_sham_ave.fif,M1_sham,True,,0.6556009175772612,9,8,128
2,ppc,active,early,0.015,0.08,0.776114510237191,88.83314910977356,19.75691394842694,-0.2635267064986701,20.000000000000018,54.49182394820205,0.6483800435893587,0.07299023973886,30,5,True,"P3,P7,Pz,CP1,CP5",pca1,sub-02_PPC_active_ave.fif,PPC_active,True,,0.6061372498518479,9,8,128
2,ppc,sham,early,0.015,0.08,0.806407357580542,91.84812496889283,21.67690916242902,0.4838444145483252,45.75504238708941,118.78686211599005,0.5174632479601988,0.0855053384865604,30,5,True,"P3,P7,Pz,CP1,CP5",pca1,sub-02_PPC_sham_ave.fif,PPC_sham,True,,0.7795335534595463,10,8,128
3,dlpfc,active,early,0.015,0.08,0.2180829506784805,50.00000000000001,14.367868641279916,0.2984495984582765,20.000000000000004,61.83879194873728,0.7127010881906801,0.0659773735101441,30,5,True,"Fp2,F4,F8,FC2,FC6",pca1,sub-03_DLPFC_active_ave.fif,DLPFC_active,True,,0.806016028674895,13,8,128
3,dlpfc,sham,early,0.015,0.08,0.1,299.99999999999994,25.0,0.3003843761127464,20.000000000000004,53.87652377502759,0.5753711316537414,0.0802107893772746,30,5,True,"Fp2,F4,F8,FC2,FC6",pca1,sub-03_DLPFC_sham_ave.fif,DLPFC_sham,True,,0.5173338733692421,8,8,128
3,m1,active,early,0.015,0.08,0.4344621241683661,72.4507620354329,19.137737009876144,-0.2225856614907789,20.000000000000004,52.98640747690732,0.4503405412548038,0.0912588276133316,30,5,True,"C3,FC1,CP1,FC5,CP5",pca1,sub-03_M1_active_ave.fif,M1_active,True,,0.6709320106339587,9,8,128
3,m1,sham,early,0.015,0.08,0.4482930921138442,77.17568240119466,18.571979182177795,-0.2179480004858016,20.000000000044512,52.91100056138509,0.4292709480070318,0.0929914505677268,30,5,True,"C3,FC1,CP1,FC5,CP5",pca1,sub-03_M1_sham_ave.fif,M1_sham,True,,0.7163974335793506,9,8,128
3,ppc,active,early,0.015,0.08,0.5420314920754307,80.99685946849618,19.387867979133983,-0.2404147068920513,20.00000000011101,53.35523747525142,0.5177468876887512,0.0854802043636802,30,5,True,"P3,P7,Pz,CP1,CP5",pca1,sub-03_PPC_active_ave.fif,PPC_active,True,,0.5086589776735844,8,8,128
3,ppc,sham,early,0.015,0.08,0.4124682586603748,68.19682855455254,19.449775834180137,-0.2106480999340717,20.000000000000004,52.82711105142428,0.4211212447780195,0.0936530310809257,30,5,True,"P3,P7,Pz,CP1,CP5",pca1,sub-03_PPC_sham_ave.fif,PPC_sham,True,,0.7302187299053648,9,8,128
4,dlpfc,active,early,0.015,0.08,0.5924608730275683,65.0538399743307,15.514051507494974,0.2550799551867577,20.000000000000004,60.01163750043382,0.8184656254816658,0.0524454080548346,30,5,True,"Fp2,F4,F8,FC2,FC6",pca1,sub-04_DLPFC_active_ave.fif,DLPFC_active,True,,0.9704349725608216,18,8,128
4,dlpfc,sham,early,0.015,0.08,0.4058399702851053,50.00000000000001,13.295007444721634,0.264510495969136,23.42731418014249,56.7845003803016,0.6937238973549973,0.0681215605353944,30,5,True,"Fp2,F4,F8,FC2,FC6",pca1,sub-04_DLPFC_sham_ave.fif,DLPFC_sham,True,,0.6664471238434182,12,8,128
4,m1,active,early,0.015,0.08,0.4188992060930172,70.46938499814361,19.17951447792272,-0.2219431482731874,20.000000000000004,52.96128329389784,0.4480118001554538,0.0914519413321039,30,5,True,"C3,FC1,CP1,FC5,CP5",pca1,sub-04_M1_active_ave.fif,M1_active,True,,0.7474849015892573,9,8,128
4,m1,sham,early,0.015,0.08,0.3868898340203452,70.52630806097737,18.733212529100584,-0.2144940200694675,20.00000000002088,52.82179058621127,0.4125590870345914,0.094343096691937,30,5,True,"C3,FC1,CP1,FC5,CP5",pca1,sub-04_M1_sham_ave.fif,M1_sham,True,,0.7588233876456998,9,8,128
4,ppc,active,early,0.015,0.08,0.4513787922386136,75.37868778940609,19.54181584797303,-0.2407880683101287,20.000000000000004,53.21911842860668,0.5006550639673097,0.0869817932911206,30,5,True,"P3,P7,Pz,CP1,CP5",pca1,sub-04_PPC_active_ave.fif,PPC_active,True,,0.6628364290807762,8,8,128
4,ppc,sham,early,0.015,0.08,0.4508428389217702,107.19894657456383,24.999999999999982,0.292038082920406,20.00000000045296,62.44934401045131,0.5564616873573796,0.0819772984690813,30,5,True,"P3,P7,Pz,CP1,CP5",pca1,sub-04_PPC_sham_ave.fif,PPC_sham,True,,0.6235664124294731,8,8,128
5,dlpfc,active,early,0.015,0.08,0.407570939800039,50.00000000000001,14.936605441735278,0.2666963717863659,20.000000000000004,57.16501680859268,0.7803189909083466,0.0576931550338136,30,5,True,"Fp2,F4,F8,FC2,FC6",pca1,sub-05_DLPFC_active_ave.fif,DLPFC_active,True,,0.5797521342743883,9,8,128
5,dlpfc,sham,early,0.015,0.08,0.7853079166682229,112.05612224794515,23.254978534866503,0.2652891749974495,20.00000000000005,62.01695238431135,0.5145698163174739,0.0857613128576978,30,5,True,"Fp2,F4,F8,FC2,FC6",pca1,sub-05_DLPFC_sham_ave.fif,DLPFC_sham,True,,0.5086067859227109,8,8,128
5,m1,active,early,0.015,0.08,0.545611811277025,80.20283785509717,19.7805706843952,-0.2409851800481281,20.00000000001207,53.35333451105546,0.5232615631050404,0.084990056182655,30,5,True,"C3,FC1,CP1,FC5,CP5",pca1,sub-05_M1_active_ave.fif,M1_active,True,,0.7297096807822956,9,8,128
5,m1,sham,early,0.015,0.08,0.9524079116718448,98.395107798108,23.9214732387899,-0.5714447470031069,44.59264991565905,110.55500359543484,0.860179776919072,0.0460270380157253,30,5,True,"C3,FC1,CP1,FC5,CP5",pca1,sub-05_M1_sham_ave.fif,M1_sham,True,,1.0507731076741444,24,8,128
5,ppc,active,early,0.015,0.08,0.5293624409624343,80.73611234762134,19.28874810604689,-0.2382166979048231,20.00000000000233,53.30957967134893,0.5071400840138585,0.0864151287949395,30,5,True,"P3,P7,Pz,CP1,CP5",pca1,sub-05_PPC_active_ave.fif,PPC_active,True,,0.6036358042248405,8,8,128
5,ppc,sham,early,0.015,0.08,0.7796370277342047,88.03157449327722,19.67458290790323,-0.2575309211390049,20.000000000000018,54.26290036112296,0.6345625083389015,0.0744105616955037,30,5,True,"P3,P7,Pz,CP1,CP5",pca1,sub-05_PPC_sham_ave.fif,PPC_sham,True,,0.7164363913724374,10,8,128
6,dlpfc,active,early,0.015,0.08,0.8648219667438424,129.04612162427136,24.54270990676683,-0.5188931800758634,42.18402794583287,104.3103530314816,0.670114151054316,0.0706984472147441,30,5,True,"Fp2,F4,F8,FC2,FC6",pca1,sub-06_DLPFC_active_ave.fif,DLPFC_active,True,,0.8809307680997147,14,8,128
6,dlpfc,sham,early,0.015,0.08,0.8796779470204371,81.89102303330215,16.200445147332633,0.5278067682123024,49.65291048845477,114.72251622326937,0.6268283494667668,0.0751938555812631,30,5,True,"Fp2,F4,F8,FC2,FC6",pca1,sub-06_DLPFC_sham_ave.fif,DLPFC_sham,True,,0.8636219292829432,14,9,128
6,m1,active,early,0.015,0.08,0.5402455967735258,80.56645214840746,18.94346773686027,-0.2317126231074064,20.00000000080099,53.22794450846328,0.4946071112106649,0.0875069597915919,30,5,True,"C3,FC1,CP1,FC5,CP5",pca1,sub-06_M1_active_ave.fif,M1_active,True,,0.4546688307429619,9,8,128
6,m1,sham,early,0.015,0.08,0.6612627719738985,86.52852498205759,19.478259372073406,-0.2433383276381256,20.00000000000028,53.58433621150349,0.5509443627642225,0.0824855944481094,30,5,True,"C3,FC1,CP1,FC5,CP5",pca1,sub-06_M1_sham_ave.fif,M1_sham,True,,0.7693022781519485,9,8,128
6,ppc,active,early,0.015,0.08,0.5313797042406141,79.9282354206952,19.28593514953436,-0.240875242034721,20.000000000000004,53.32228173901643,0.5196451741507858,0.085311801188142,30,5,True,"P3,P7,Pz,CP1,CP5",pca1,sub-06_PPC_active_ave.fif,PPC_active,True,,0.7149057173199393,9,8,128
6,ppc,sham,early,0.015,0.08,0.6187997140534207,84.16147618480298,19.504879307791747,-0.2398256051539863,20.00000000059289,53.50015914985827,0.5331813409283124,0.0841011889686568,30,5,True,"P3,P7,Pz,CP1,CP5",pca1,sub-06_PPC_sham_ave.fif,PPC_sham,True,,0.6897873078137425,9,8,128
7,dlpfc,active,early,0.015,0.08,0.7926085202667396,90.64347650328128,18.17411956711453,0.2522053133597141,20.000000000000004,62.091004016072176,0.6992053955710684,0.0675092142340845,30,5,True,"Fp2,F4,F8,FC2,FC6",pca1,sub-07_DLPFC_active_ave.fif,DLPFC_active,True,,0.8085624252267235,8,8,128
7,dlpfc,sham,early,0.015,0.08,0.8017465860840247,114.49030233293736,21.85287943929206,0.2699559862838719,20.000000000000018,62.123208104436,0.555432687375933,0.0820723362229847,30,5,True,"Fp2,F4,F8,FC2,FC6",pca1,sub-07_DLPFC_sham_ave.fif,DLPFC_sham,True,,0.7528418528401545,9,8,128
7,m1,active,early,0.015,0.08,0.7926306424840446,118.7527800345042,24.38048559759452,0.2685456567379212,20.000000000000004,62.61978530261098,0.5047392792699832,0.0866253445251369,30,5,True,"C3,FC1,CP1,FC5,CP5",pca1,sub-07_M1_active_ave.fif,M1_active,True,,0.6942080186263679,9,8,128
7,m1,sham,early,0.015,0.08,0.7880353684158353,93.1266276116982,22.02050947130857,0.4728212210495012,44.33489027706879,118.18009392069408,0.5130777220596572,0.0858930164322498,30,5,True,"C3,FC1,CP1,FC5,CP5",pca1,sub-07_M1_sham_ave.fif,M1_sham,True,,0.7380615931589141,10,8,128
7,ppc,active,early,0.015,0.08,0.5439333772217066,80.76756361720014,19.42117150621247,-0.2396897351283438,20.000000000000004,53.36185558462466,0.51687111240047,0.0855577855055065,30,5,True,"P3,P7,Pz,CP1,CP5",pca1,sub-07_PPC_active_ave.fif,PPC_active,True,,0.6277110566782067,9,8,128
7,ppc,sham,early,0.015,0.08,0.446002041102918,76.26080500510476,18.70086720709265,-0.2202229387007547,20.000000000000004,52.95390790565194,0.4370536794976351,0.0923552364762811,30,5,True,"P3,P7,Pz,CP1,CP5",pca1,sub-07_PPC_sham_ave.fif,PPC_sham,True,,0.5781170958262399,9,8,128
8,dlpfc,active,early,0.015,0.08,0.7805800832304485,70.81022522993237,16.03805072138398,0.2109070187074382,20.000000000000004,61.12934629786312,0.8165692505885525,0.0527186283865969,30,5,True,"Fp2,F4,F8,FC2,FC6",pca1,sub-08_DLPFC_active_ave.fif,DLPFC_active,True,,0.8096630330089725,12,13,128
8,dlpfc,sham,early,0.015,0.08,0.7224271399167699,76.89930658715096,17.00415299617905,-0.1961208157567042,20.000000000000004,52.57304666914319,0.5519907370869503,0.0823894358219122,30,5,True,"Fp2,F4,F8,FC2,FC6",pca1,sub-08_DLPFC_sham_ave.fif,DLPFC_sham,True,,0.8646658434112436,12,8,128
8,m1,active,early,0.015,0.08,0.3953370009405639,70.4841328890848,18.80289166096013,-0.2192793371805996,20.000000000000004,52.88106166847445,0.4300435554620997,0.0929284870485274,30,5,True,"C3,FC1,CP1,FC5,CP5",pca1,sub-08_M1_active_ave.fif,M1_active,True,,0.6253085078095906,9,8,128
8,m1,sham,early,0.015,0.08,0.339431342327693,69.42761328625373,18.142574587026804,-0.2001473725834311,20.00000000000001,52.50236808065688,0.3575758988718959,0.0986595079145983,30,5,True,"C3,FC1,CP1,FC5,CP5",pca1,sub-08_M1_sham_ave.fif,M1_sham,True,,0.7530947583089056,9,8,128
8,ppc,active,early,0.015,0.08,0.5959314041653442,83.87007466189971,19.390140732463703,-0.2420741906050452,20.000000000000004,53.43198541871704,0.5338132401102018,0.0840442487973632,30,5,True,"P3,P7,Pz,CP1,CP5",pca1,sub-08_PPC_active_ave.fif,PPC_active,True,,0.5904837699841616,8,8,128
8,ppc,sham,early,0.015,0.08,0.399564676008262,73.31106131482595,18.60408267466647,-0.2134774920913854,20.00000000000705,52.7960263278453,0.4076142542965533,0.0947393350281515,30,5,True,"P3,P7,Pz,CP1,CP5",pca1,sub-08_PPC_sham_ave.fif,PPC_sham,True,,0.6273514359714317,9,8,128
9,dlpfc,active,early,0.015,0.08,0.2639211414462885,55.41465665377368,14.60144048403537,0.3078417868463509,20.000000000000004,62.06394633377937,0.7732630777459304,0.0586123529040072,30,5,True,"Fp2,F4,F8,FC2,FC6",pca1,sub-09_DLPFC_active_ave.fif,DLPFC_active,True,,0.6254301004066871,17,8,128
9,dlpfc,sham,early,0.015,0.08,0.4678826900148697,50.00000000000001,13.95705583482806,0.2425695642576449,20.000000000000004,60.34951436431339,0.8639966062242403,0.0453944653174036,30,5,True,"Fp2,F4,F8,FC2,FC6",pca1,sub-09_DLPFC_sham_ave.fif,DLPFC_sham,True,,0.5363818164473093,8,8,128
9,m1,active,early,0.015,0.08,0.3992824098140934,69.50518833254175,18.94229862415457,-0.21567419400699,20.000000000000057,52.81090633351508,0.4255971648381719,0.0932902634792956,30,5,True,"C3,FC1,CP1,FC5,CP5",pca1,sub-09_M1_active_ave.fif,M1_active,True,,0.6630212433186231,9,8,128
9,m1,sham,early,0.015,0.08,0.3722374181347491,70.73427191913002,18.423319700349595,-0.2085409318273401,20.00000000000175,52.68815886312242,0.3901307209171397,0.0961272262289764,30,5,True,"C3,FC1,CP1,FC5,CP5",pca1,sub-09_M1_sham_ave.fif,M1_sham,True,,0.7014056859527912,9,8,128
9,ppc,active,early,0.015,0.08,0.8081198207141362,91.41247095679373,21.538838268898264,0.4848718924284817,46.55313878595622,119.09987859771864,0.509596756800843,0.0861994905419493,30,5,True,"P3,P7,Pz,CP1,CP5",pca1,sub-09_PPC_active_ave.fif,PPC_active,True,,0.8466802681558708,10,8,128
9,ppc,sham,early,0.015,0.08,0.3935128258541915,71.79982622301836,18.68864118545185,-0.2125058559843316,20.000000000000004,52.781082469080445,0.4066832580888667,0.0948137521919849,30,5,True,"P3,P7,Pz,CP1,CP5",pca1,sub-09_PPC_sham_ave.fif,PPC_sham,True,,0.6856815806327171,9,8,128
10,dlpfc,active,early,0.015,0.08,0.8456196787345907,100.57394156387814,17.299494947532583,0.2477958373493007,20.000000000000004,62.61564480236516,0.6414535150853654,0.0737056476717491,30,5,True,"Fp2,F4,F8,FC2,FC6",pca1,sub-10_DLPFC_active_ave.fif,DLPFC_active,True,,0.6535945979508242,13,9,128
10,dlpfc,sham,early,0.015,0.08,0.252942266802047,50.00000000000001,19.73673825668221,-0.1990150955394471,20.000000000000004,52.42444443860723,0.3626017630311154,0.098272829637661,30,5,True,"Fp2,F4,F8,FC2,FC6",pca1,sub-10_DLPFC_sham_ave.fif,DLPFC_sham,True,,0.6614707033966314,10,8,128
10,m1,active,early,0.015,0.08,0.3741009454011433,65.54309920476602,20.00800252597104,-0.2204524035956974,20.000000000000004,52.91702197835559,0.4365585694360474,0.0923958406649868,30,5,True,"C3,FC1,CP1,FC5,CP5",pca1,sub-10_M1_active_ave.fif,M1_active,True,,0.7429134438664602,9,8,128
10,m1,sham,early,0.015,0.08,0.3936911149120879,74.553452104982,18.437538132899466,-0.2093476702140564,20.000000000009297,52.68709587828808,0.3912045160519077,0.0960425634769436,30,5,True,"C3,FC1,CP1,FC5,CP5",pca1,sub-10_M1_sham_ave.fif,M1_sham,True,,0.7273425846668088,9,8,128
10,ppc,active,early,0.015,0.08,0.8822910675598178,112.90404462017251,25.0,-0.5293746405358876,43.50507890821211,111.38851158112114,0.6981173516139801,0.0676312022738386,30,5,True,"P3,P7,Pz,CP1,CP5",pca1,sub-10_PPC_active_ave.fif,PPC_active,True,,0.7246572395832789,13,9,128
10,ppc,sham,early,0.015,0.08,0.3954478735507949,73.51792888529268,18.6747693081793,-0.2149370220590401,20.00000000000001,52.79490718808916,0.4092088254633956,0.0946117404574175,30,5,True,"P3,P7,Pz,CP1,CP5",pca1,sub-10_PPC_sham_ave.fif,PPC_sham,True,,0.7231431739202246,9,8,128
11,dlpfc,active,early,0.015,0.08,0.2876356191003163,50.00000000000041,14.31752227713736,0.2937182399323485,20.000000000000004,61.63920147672473,0.778187121752886,0.0579724174549043,30,5,True,"Fp2,F4,F8,FC2,FC6",pca1,sub-11_DLPFC_active_ave.fif,DLPFC_active,True,,0.6259333383841925,9,8,128
11,dlpfc,sham,early,0.015,0.08,0.233481863371379,50.00000000000001,15.682531756129556,0.3054101744173674,20.00000000000007,60.20753796247931,0.7376546741020791,0.0630470394251427,30,5,True,"Fp2,F4,F8,FC2,FC6",pca1,sub-11_DLPFC_sham_ave.fif,DLPFC_sham,True,,0.8912608020230256,8,8,128
11,m1,active,early,0.015,0.08,0.3423578584148301,62.634887548304455,19.480756448918875,-0.2166406083737835,20.000000000000004,52.771024334073616,0.420831672755838,0.0936764521399395,30,5,True,"C3,FC1,CP1,FC5,CP5",pca1,sub-11_M1_active_ave.fif,M1_active,True,,0.7602195360621683,9,8,128
11,m1,sham,early,0.015,0.08,0.4094926625981656,72.80627582241536,18.738458134775023,-0.2173565096060081,20.00000000000275,52.86862087855659,0.4239719397152124,0.0934221487823501,30,5,True,"C3,FC1,CP1,FC5,CP5",pca1,sub-11_M1_sham_ave.fif,M1_sham,True,,0.7216465396253667,9,8,128
11,ppc,active,early,0.015,0.08,0.8054161311742479,88.02719157239513,21.026954409614728,-0.2616990578793439,20.000000000000004,54.901590423113,0.6422293989240196,0.073625856076346,30,5,True,"P3,P7,Pz,CP1,CP5",pca1,sub-11_PPC_active_ave.fif,PPC_active,True,,0.7474467552451923,10,8,128
11,ppc,sham,early,0.015,0.08,0.4216481771481535,74.16131788389076,18.78544994196828,-0.2187262061952049,20.000000000003567,52.896183911216575,0.42888411439118,0.0930229594996938,30,5,True,"P3,P7,Pz,CP1,CP5",pca1,sub-11_PPC_sham_ave.fif,PPC_sham,True,,0.6446377297878552,9,8,128
12,dlpfc,active,early,0.015,0.08,0.4607054745806215,50.00000000000001,13.110581212726268,0.226734582117893,20.00000000000268,59.464415745457686,0.7976780369234502,0.0553668157748095,30,5,True,"Fp2,F4,F8,FC2,FC6",pca1,sub-12_DLPFC_active_ave.fif,DLPFC_active,True,,0.8867515776957574,11,8,128
12,dlpfc,sham,early,0.015,0.08,0.4375368785067399,50.00000000000093,13.272221504904795,0.5495102852975918,45.003022612914464,107.9143854888356,0.738687172965288,0.0629228516367913,30,5,True,"Fp2,F4,F8,FC2,FC6",pca1,sub-12_DLPFC_sham_ave.fif,DLPFC_sham,True,,0.7900176054956024,12,8,128
12,m1,active,early,0.015,0.08,0.8164135588800848,113.55989091380388,19.659506728898737,0.2720978374592273,20.00000000000029,62.56353062299882,0.6085844514736092,0.0770099903521754,30,5,True,"C3,FC1,CP1,FC5,CP5",pca1,sub-12_M1_active_ave.fif,M1_active,True,,0.5062193379329089,9,8,128
12,m1,sham,early,0.015,0.08,0.3612414678747479,70.88684766969807,18.484954134853265,-0.203947459183806,20.00000000000492,52.57928025238255,0.3728439794488214,0.0974800694898943,30,5,True,"C3,FC1,CP1,FC5,CP5",pca1,sub-12_M1_sham_ave.fif,M1_sham,True,,0.658051648503862,9,8,128
12,ppc,active,early,0.015,0.08,0.7376505251034147,87.85694780771216,21.33409964810353,-0.273619847961545,20.000000000000075,54.54632219542013,0.6628345191934297,0.071474246347994,30,5,True,"P3,P7,Pz,CP1,CP5",pca1,sub-12_PPC_active_ave.fif,PPC_active,True,,0.592952826448541,8,8,128
12,ppc,sham,early,0.015,0.08,0.807195828324995,91.17290269082508,21.825693580057088,0.484317496994997,45.51116231373745,118.99100391333477,0.525230989234879,0.0848143257951437,30,5,True,"P3,P7,Pz,CP1,CP5",pca1,sub-12_PPC_sham_ave.fif,PPC_sham,True,,0.6536082970079063,10,8,128
13,dlpfc,active,early,0.015,0.08,0.5409938270743417,79.65117465548262,16.13006423016192,0.2791615146610148,20.000000000000007,61.97684291859756,0.7314243120585204,0.0637912894146058,30,5,True,"Fp2,F4,F8,FC2,FC6",pca1,sub-13_DLPFC_active_ave.fif,DLPFC_active,True,,0.5938119386101447,9,10,128
13,dlpfc,sham,early,0.015,0.08,0.3580541221686391,50.00000000000001,17.649454994471274,0.2862153022121789,20.000000000000004,60.61397112132521,0.7905105829126231,0.0563389925103799,30,5,True,"Fp2,F4,F8,FC2,FC6",pca1,sub-13_DLPFC_sham_ave.fif,DLPFC_sham,True,,0.7229556840034818,8,13,128
13,m1,active,early,0.015,0.08,0.4814278776679932,68.52755270773312,17.632895667779493,-0.2251268544355908,20.000000000000004,52.83793633402925,0.5131257058047592,0.0858887841652786,30,5,True,"C3,FC1,CP1,FC5,CP5",pca1,sub-13_M1_active_ave.fif,M1_active,True,,0.4749643463225783,8,8,128
13,m1,sham,early,0.015,0.08,0.3285506719755366,70.67425679668794,18.23759521759756,-0.2107123812956287,20.000000000000004,52.66806442130114,0.3764369887071913,0.0972004342250427,30,5,True,"C3,FC1,CP1,FC5,CP5",pca1,sub-13_M1_sham_ave.fif,M1_sham,True,,0.6712908669496103,9,8,128
13,ppc,active,early,0.015,0.08,0.4928592945112698,77.06819948552719,18.68100704065884,-0.2369784972760196,20.000000000000004,53.162306817342426,0.5050948979143233,0.0865942385659737,30,5,True,"P3,P7,Pz,CP1,CP5",pca1,sub-13_PPC_active_ave.fif,PPC_active,True,,0.5876048913108415,8,8,128
13,ppc,sham,early,0.015,0.08,0.5541830259510429,81.18511563040609,19.4478082127873,-0.2402538319460634,20.00000000155656,53.39110099950168,0.5209601828571745,0.085194947312771,30,5,True,"P3,P7,Pz,CP1,CP5",pca1,sub-13_PPC_sham_ave.fif,PPC_sham,True,,0.7236934849479894,9,8,128
14,dlpfc,active,early,0.015,0.08,0.6799123146446368,110.77826790954876,18.162233635984403,0.3321528551757218,20.000000000000004,61.50286781485634,0.8205388978370773,0.0521450631271249,30,5,True,"Fp2,F4,F8,FC2,FC6",pca1,sub-14_DLPFC_active_ave.fif,DLPFC_active,True,,0.4643144326648412,8,8,128
14,dlpfc,sham,early,0.015,0.08,0.8314690544099933,61.51824233359522,14.674440276333328,0.498881432645993,53.6206033332029,107.23749017054188,0.7557987760432712,0.0608277777401297,30,5,True,"Fp2,F4,F8,FC2,FC6",pca1,sub-14_DLPFC_sham_ave.fif,DLPFC_sham,True,,0.6886545919230284,10,8,128
14,m1,active,early,0.015,0.08,0.4767964965376675,50.00000000000001,14.765746452826631,0.2350333487070939,20.000000000000043,61.7394133083467,0.8557706363247031,0.0467471217191159,30,5,True,"C3,FC1,CP1,FC5,CP5",pca1,sub-14_M1_active_ave.fif,M1_active,True,,0.6690332233544684,12,8,128
14,m1,sham,early,0.015,0.08,0.4354374332302039,74.09840739878352,18.691943975356327,-0.2157954808588798,20.00000000000124,52.89633341101612,0.4272506031226636,0.0931558971016693,30,5,True,"C3,FC1,CP1,FC5,CP5",pca1,sub-14_M1_sham_ave.fif,M1_sham,True,,0.683099696280372,9,8,128
14,ppc,active,early,0.015,0.08,0.51729327849702,79.83662453476221,19.429368755530284,-0.2384486835362931,20.000000000132506,53.30008742179103,0.5056999821307142,0.0865412861595445,30,5,True,"P3,P7,Pz,CP1,CP5",pca1,sub-14_PPC_active_ave.fif,PPC_active,True,,0.6371877565143278,8,8,128
14,ppc,sham,early,0.015,0.08,0.5725699514457293,82.30661809371273,19.39336052965228,-0.2388649235889927,20.000000000000004,53.394994230457726,0.5201673202695105,0.0852654215795354,30,5,True,"P3,P7,Pz,CP1,CP5",pca1,sub-14_PPC_sham_ave.fif,PPC_sham,True,,0.6422861700165592,9,8,128
15,dlpfc,active,early,0.015,0.08,0.7732068284314514,124.59745558870117,19.79957366738706,0.3004228083448056,20.000000000000007,62.74841336364783,0.6655795051778048,0.071182702914969,30,5,True,"Fp2,F4,F8,FC2,FC6",pca1,sub-15_DLPFC_active_ave.fif,DLPFC_active,True,,0.7394984771120826,16,8,128
15,dlpfc,sham,early,0.015,0.08,1.0789994000162146,142.0480542421952,20.723768815877563,-0.6473996400097288,59.9783412636256,113.71024730842056,0.527478232682693,0.0846133601562782,30,5,True,"Fp2,F4,F8,FC2,FC6",pca1,sub-15_DLPFC_sham_ave.fif,DLPFC_sham,True,,0.5882251563357854,8,8,128
15,m1,active,early,0.015,0.08,0.4339938142081199,69.80181230052754,18.924292494180428,-0.2255166846741358,20.000000000000004,52.923352204220805,0.4712040133138446,0.0895101134193433,30,5,True,"C3,FC1,CP1,FC5,CP5",pca1,sub-15_M1_active_ave.fif,M1_active,True,,0.6158211633129895,9,8,128
15,m1,sham,early,0.015,0.08,0.4465914787896622,76.95799503728759,18.35987019622037,-0.2177643804201556,20.00000000000059,52.89206614675744,0.4295399088642154,0.0929695364847388,30,5,True,"C3,FC1,CP1,FC5,CP5",pca1,sub-15_M1_sham_ave.fif,M1_sham,True,,0.6871677647962984,9,8,128
15,ppc,active,early,0.015,0.08,0.7643409354166792,90.50599405744728,19.93919668467064,-0.2558612178162818,20.000000000000004,53.94551027920321,0.6093150788308415,0.0769380822646946,30,5,True,"P3,P7,Pz,CP1,CP5",pca1,sub-15_PPC_active_ave.fif,PPC_active,True,,0.5823765551206674,8,8,128
15,ppc,sham,early,0.015,0.08,0.7801416411202733,92.32688820516228,21.69160365114867,0.468084984672164,45.38130572027334,118.15320572079456,0.4861987115931739,0.0882318990284795,30,5,True,"P3,P7,Pz,CP1,CP5",pca1,sub-15_PPC_sham_ave.fif,PPC_sham,True,,0.7744803420954516,9,8,128
16,dlpfc,active,early,0.015,0.08,0.3859781331085342,50.00000000000001,15.174336080086276,0.259245697709889,20.000000000000004,60.701199817386,0.7692060401579615,0.059134407745646,30,5,True,"Fp2,F4,F8,FC2,FC6",pca1,sub-16_DLPFC_active_ave.fif,DLPFC_active,True,,0.5340613816169711,12,8,128
16,dlpfc,sham,early,0.015,0.08,0.2726488097516601,50.00000000000001,16.12385173960245,0.2947356952040242,20.000000000000004,61.6323340945544,0.7489878081922532,0.0616702118319201,30,5,True,"Fp2,F4,F8,FC2,FC6",pca1,sub-16_DLPFC_sham_ave.fif,DLPFC_sham,True,,0.6424904957003403,9,8,128
16,m1,active,early,0.015,0.08,0.3537059159907288,73.53375930483386,16.956869030976158,-0.2057224211777412,20.00000000000001,52.66898579613174,0.3682663394878283,0.0978351783817143,30,5,True,"C3,FC1,CP1,FC5,CP5",pca1,sub-16_M1_active_ave.fif,M1_active,True,,0.6120433249447006,9,8,128
16,m1,sham,early,0.015,0.08,0.5594513909712926,82.09449411860444,19.024626523683043,-0.2345080297846761,20.000000000000007,53.3112602440978,0.5041018136775833,0.0866810756952201,30,5,True,"C3,FC1,CP1,FC5,CP5",pca1,sub-16_M1_sham_ave.fif,M1_sham,True,,0.6806881211295096,9,8,128
16,ppc,active,early,0.015,0.08,0.9286734533210508,114.13141875844724,25.0,-0.5572040719926303,44.6622819654072,111.3754675600359,0.7381635715576502,0.0629858604193579,30,5,True,"P3,P7,Pz,CP1,CP5",pca1,sub-16_PPC_active_ave.fif,PPC_active,True,,0.5815074829061415,13,8,128
16,ppc,sham,early,0.015,0.08,0.5926002704092245,83.15035881044848,19.357981731478496,-0.2373241512601168,20.000000000000004,53.40569016288301,0.5204306639149745,0.0852420205174748,30,5,True,"P3,P7,Pz,CP1,CP5",pca1,sub-16_PPC_sham_ave.fif,PPC_sham,True,,0.6892162151617036,9,8,128
17,dlpfc,active,early,0.015,0.08,0.8107236333302197,70.05362076066774,14.610931642145225,0.1627663227271688,20.000000000000007,61.89830892577738,0.7649411934435846,0.0596782797091216,30,5,True,"Fp2,F4,F8,FC2,FC6",pca1,sub-17_DLPFC_active_ave.fif,DLPFC_active,True,,0.6620646408818169,10,8,128
17,dlpfc,sham,early,0.015,0.08,0.8163599094948729,109.37630963276372,21.353856217945086,0.2414285704057379,20.000000000000217,62.66568198546494,0.5016260137206352,0.086897186400023,30,5,True,"Fp2,F4,F8,FC2,FC6",pca1,sub-17_DLPFC_sham_ave.fif,DLPFC_sham,True,,0.8816797038253784,14,9,128
17,m1,active,early,0.015,0.08,0.5348730098872362,77.805042764867,19.263209202031984,-0.2320254861480535,20.000000000000057,53.26505595499989,0.5026534652953956,0.0868075662378453,30,5,True,"C3,FC1,CP1,FC5,CP5",pca1,sub-17_M1_active_ave.fif,M1_active,True,,0.7272431046040427,9,8,128
17,m1,sham,early,0.015,0.08,0.7816681918059839,108.57848859546168,24.501307066795835,0.2552082909574739,20.000000000000004,63.026820519698575,0.4924417522468688,0.0876942214807551,30,5,True,"C3,FC1,CP1,FC5,CP5",pca1,sub-17_M1_sham_ave.fif,M1_sham,True,,0.6707787542966916,9,8,128
17,ppc,active,early,0.015,0.08,0.608746644504016,83.97535967675955,19.592076891411715,-0.2425091300918737,20.000000000000004,53.507992190388,0.5379446088825236,0.083671018037088,30,5,True,"P3,P7,Pz,CP1,CP5",pca1,sub-17_PPC_active_ave.fif,PPC_active,True,,0.5416490760173134,8,8,128
17,ppc,sham,early,0.015,0.08,0.6106024216464242,84.14673860108716,19.45986054613495,-0.2407384419062459,20.00000000087395,53.47733658285036,0.5333535169394981,0.0840856780819392,30,5,True,"P3,P7,Pz,CP1,CP5",pca1,sub-17_PPC_sham_ave.fif,PPC_sham,True,,0.7213888686240304,9,8,128
18,dlpfc,active,early,0.015,0.08,0.2988066262099524,51.492728968199685,14.727516345435811,0.3156810633388014,20.000000000000004,60.73602361729493,0.8598395719223721,0.0460829995731956,30,5,True,"Fp2,F4,F8,FC2,FC6",pca1,sub-18_DLPFC_active_ave.fif,DLPFC_active,True,,0.7490523707003435,11,8,128
18,dlpfc,sham,early,0.015,0.08,0.7640118421374995,89.02474097986168,20.19248070469457,-0.2583237247217909,20.00000000000127,54.170196536630094,0.6221871225516549,0.0756600128013593,30,5,True,"Fp2,F4,F8,FC2,FC6",pca1,sub-18_DLPFC_sham_ave.fif,DLPFC_sham,True,,0.7143357969702679,11,8,128
18,m1,active,early,0.015,0.08,0.350388897937416,67.03539346909642,18.793360743412435,-0.2080092813004893,20.000000000000004,52.59245824622492,0.3896559684717079,0.0961646340467586,30,5,True,"C3,FC1,CP1,FC5,CP5",pca1,sub-18_M1_active_ave.fif,M1_active,True,,0.7080643920358746,9,8,128
18,m1,sham,early,0.015,0.08,0.6283241029835456,85.67653314013923,19.36857512074216,-0.2405924943270742,20.000000000000018,53.50028023247285,0.5338169435738267,0.084043914966093,30,5,True,"C3,FC1,CP1,FC5,CP5",pca1,sub-18_M1_sham_ave.fif,M1_sham,True,,0.723014956726084,9,8,128
18,ppc,active,early,0.015,0.08,0.4090772561918682,74.12908438065612,18.59535801494,-0.2227135955028238,20.000000000885763,52.91644786802107,0.4351399009640492,0.092512087583397,30,5,True,"P3,P7,Pz,CP1,CP5",pca1,sub-18_PPC_active_ave.fif,PPC_active,True,,0.7092334571441354,9,8,128
18,ppc,sham,early,0.015,0.08,0.3632389841138606,70.55039524868656,18.59645824011835,-0.2077626791262081,20.000000000000004,52.66651445313597,0.3840646359184149,0.096604109649877,30,5,True,"P3,P7,Pz,CP1,CP5",pca1,sub-18_PPC_sham_ave.fif,PPC_sham,True,,0.7148478707266408,9,8,128
19,dlpfc,active,early,0.015,0.08,0.1851429774716843,50.00000000000001,14.118273135692384,0.3071663425456507,23.43613475458291,56.025673981207895,0.5482426171101782,0.08273335984759,30,5,True,"Fp2,F4,F8,FC2,FC6",pca1,sub-19_DLPFC_active_ave.fif,DLPFC_active,True,,0.7655578438925161,10,9,128
19,dlpfc,sham,early,0.015,0.08,0.2495237201955727,50.00000000000001,14.519548949456562,0.3288453609636368,23.774950188805423,59.79055797747789,0.6963044103838525,0.0678339762030944,30,5,True,"Fp2,F4,F8,FC2,FC6",pca1,sub-19_DLPFC_sham_ave.fif,DLPFC_sham,True,,0.6669989933120172,9,8,128
19,m1,active,early,0.015,0.08,0.8553136101127455,87.60726531717542,20.338702943334845,0.5131881660676473,47.34451603679115,118.61545274622304,0.5739922974081613,0.0803409121213399,30,5,True,"C3,FC1,CP1,FC5,CP5",pca1,sub-19_M1_active_ave.fif,M1_active,True,,0.6520728992171649,10,8,128
19,m1,sham,early,0.015,0.08,0.527561843029898,84.69012352211735,19.11137009114716,-0.218841793460105,20.0000000000086,53.02439283360075,0.4373122611845166,0.0923340229830972,30,5,True,"C3,FC1,CP1,FC5,CP5",pca1,sub-19_M1_sham_ave.fif,M1_sham,True,,0.5370176963173292,9,8,128
19,ppc,active,early,0.015,0.08,0.5455537209733752,80.68376140297772,19.30136294224344,-0.2376168379948063,20.00000000000008,53.3311351863332,0.5121955616681354,0.0859707877035506,30,5,True,"P3,P7,Pz,CP1,CP5",pca1,sub-19_PPC_active_ave.fif,PPC_active,True,,0.6302775163782925,8,8,128
19,ppc,sham,early,0.015,0.08,0.3749232147871161,69.92812171459423,18.94580724241521,-0.2159942910379579,20.0000000000004,52.80897389542199,0.4127066605268973,0.0943312457853682,30,5,True,"P3,P7,Pz,CP1,CP5",pca1,sub-19_PPC_sham_ave.fif,PPC_sham,True,,0.6661674188123246,9,8,128
20,dlpfc,active,early,0.015,0.08,0.669578613143794,120.21778742794788,24.30313195992008,0.3055791661240537,20.00000000000043,61.50059445922425,0.6108143405870924,0.0767903145933976,30,5,True,"Fp2,F4,F8,FC2,FC6",pca1,sub-20_DLPFC_active_ave.fif,DLPFC_active,True,,1.556357446971601,9,8,128
20,dlpfc,sham,early,0.015,0.08,0.3446580080709086,68.19568532522379,18.20449577300187,-0.1949075701251961,20.000000000000004,52.47072197367281,0.3497839537500022,0.0992560238802913,30,5,True,"Fp2,F4,F8,FC2,FC6",pca1,sub-20_DLPFC_sham_ave.fif,DLPFC_sham,True,,0.7098612652637406,10,8,128
20,m1,active,early,0.015,0.08,0.4640692735246092,75.4115029328057,18.549341224811805,-0.2223204438933481,20.000000000000004,53.00167452785509,0.454748277703737,0.0908921874077735,30,5,True,"C3,FC1,CP1,FC5,CP5",pca1,sub-20_M1_active_ave.fif,M1_active,True,,0.6302442034490463,9,8,128
20,m1,sham,early,0.015,0.08,0.8009440394463168,90.80839743675064,21.73281017925906,0.48056642366779,46.21249112281723,118.72562849881156,0.5039441170140844,0.086694856981639,30,5,True,"C3,FC1,CP1,FC5,CP5",pca1,sub-20_M1_sham_ave.fif,M1_sham,True,,0.8126790862193941,10,8,128
20,ppc,active,early,0.015,0.08,0.4898899529796833,78.23064534575751,19.460537872087343,-0.240499701947254,20.00000000000325,53.259110698797485,0.5067403581798813,0.0864501644687616,30,5,True,"P3,P7,Pz,CP1,CP5",pca1,sub-20_PPC_active_ave.fif,PPC_active,True,,0.6831785042545158,8,8,128
20,ppc,sham,early,0.015,0.08,0.1993116316436991,50.00000000000001,10.243945662649011,-0.3479448637387441,27.163587765139955,61.8853283668189,0.4579362571717909,0.0906260835110777,30,5,True,"P3,P7,Pz,CP1,CP5",pca1,sub-20_PPC_sham_ave.fif,PPC_sham,True,,0.7104315150531016,9,8,128
1,dlpfc,active,late,0.08,0.2,-0.0426085747501822,3.273858167185399,6.9741193171549245,-0.5594614607014038,11.911086223111214,61.185504308426815,0.9424915730867686,0.0218008315331843,30,5,True,"Fp2,F4,F8,FC2,FC6",pca1,sub-01_DLPFC_active_ave.fif,DLPFC_active,False,A1 non-trivial,0.4505034924213601,10,8,128
1,dlpfc,sham,late,0.08,0.2,0.0223555151545183,1.0000000000153093,4.000000000000001,0.5294549910068622,11.496074218423743,60.94118394486133,0.9249928979568832,0.0248976586326787,30,5,True,"Fp2,F4,F8,FC2,FC6",pca1,sub-01_DLPFC_sham_ave.fif,DLPFC_sham,False,A1 non-trivial,0.6852253755148542,10,9,128
1,m1,active,late,0.08,0.2,-0.0505667474435563,8.716477215429965,4.277348744381404,-0.58729584466367,12.284984740444091,61.25258729783784,0.9400779847593348,0.0222536124373371,30,5,True,"C3,FC1,CP1,FC5,CP5",pca1,sub-01_M1_active_ave.fif,M1_active,False,A1 non-trivial,0.6730289019211955,9,8,128
1,m1,sham,late,0.08,0.2,-0.0173241584712734,1.00000000000004,4.000000000000001,-0.581566135826759,12.140619695810416,61.121857614515,0.9482180488427752,0.0206869526420687,30,5,True,"C3,FC1,CP1,FC5,CP5",pca1,sub-01_M1_sham_ave.fif,M1_sham,False,A1 non-trivial,0.8258776416710429,10,8,128
1,ppc,active,late,0.08,0.2,-0.0170767879943225,1.00000000000048,4.000000000000001,-0.6138340970701188,12.754517079865574,61.504255428215096,0.9197439502058824,0.0257540897504445,30,5,True,"P3,P7,Pz,CP1,CP5",pca1,sub-01_PPC_active_ave.fif,PPC_active,False,A1 non-trivial,0.6050191736859214,8,8,128
1,ppc,sham,late,0.08,0.2,-0.0545172470849654,14.999999999999424,4.984782905503349,-0.5979830673007724,12.358277003407125,61.25697071868558,0.9394322865896372,0.0223731896479188,30,5,True,"P3,P7,Pz,CP1,CP5",pca1,sub-01_PPC_sham_ave.fif,PPC_sham,False,A1 non-trivial,0.6793380811794851,9,8,128
2,dlpfc,active,late,0.08,0.2,0.0809728550031724,1.0000000000000002,6.669643271460814,-0.4369116476874201,11.573868374569397,60.90883738828257,0.9600585235091584,0.0181685125167516,30,5,True,"Fp2,F4,F8,FC2,FC6",pca1,sub-02_DLPFC_active_ave.fif,DLPFC_active,False,A1 non-trivial,0.6664345685420087,11,10,128
2,dlpfc,sham,late,0.08,0.2,-0.0215723713751327,1.0000000000000469,4.000000000000001,-0.5740551208560308,12.06914858176345,61.05790048673576,0.9492541295736244,0.0204789491660581,30,5,True,"Fp2,F4,F8,FC2,FC6",pca1,sub-02_DLPFC_sham_ave.fif,DLPFC_sham,False,A1 non-trivial,0.632726134331064,11,8,128
2,m1,active,late,0.08,0.2,-0.0558871958906015,14.999999999999998,5.165600723053665,-0.5922992360170686,12.253755571354445,61.21070514233112,0.94294824225357,0.0217140998015659,30,5,True,"C3,FC1,CP1,FC5,CP5",pca1,sub-02_M1_active_ave.fif,M1_active,False,A1 non-trivial,0.6432929872427411,9,8,128
2,m1,sham,late,0.08,0.2,0.0110289874039239,1.0000000000000002,4.029502984428342,0.5947283685031611,12.32221075812184,61.238139832340245,0.9398134811966388,0.0223026735251283,30,5,True,"C3,FC1,CP1,FC5,CP5",pca1,sub-02_M1_sham_ave.fif,M1_sham,False,A1 non-trivial,0.6556009175772612,9,8,128
2,ppc,active,late,0.08,0.2,-0.0629134787817509,9.605471595884564,6.65240716263173,-0.6382068385727028,13.22321830798234,61.86732168858618,0.8903136864308863,0.0301081128494904,30,5,True,"P3,P7,Pz,CP1,CP5",pca1,sub-02_PPC_active_ave.fif,PPC_active,False,A1 non-trivial,0.6061372498518479,9,8,128
2,ppc,sham,late,0.08,0.2,-0.0478895095660778,11.745934044648354,6.5569742093818535,-0.581981824862699,11.9640479865766,60.8599006883623,0.97013657529311,0.0157100338286228,30,5,True,"P3,P7,Pz,CP1,CP5",pca1,sub-02_PPC_sham_ave.fif,PPC_sham,False,A1 non-trivial,0.7795335534595463,10,8,128
3,dlpfc,active,late,0.08,0.2,0.0077018516325509,1.0000000000000089,11.999999999999998,-0.568295066726246,11.753968606636173,60.67592190302919,0.9734057311978024,0.0148252266592819,30,5,True,"Fp2,F4,F8,FC2,FC6",pca1,sub-03_DLPFC_active_ave.fif,DLPFC_active,False,A1 non-trivial,0.806016028674895,13,8,128
3,dlpfc,sham,late,0.08,0.2,0.0430649996957782,1.0000000000000002,9.602894109033867,0.6986797729422651,14.227797552032303,61.79307858266561,0.8826223342579539,0.0311458400650304,30,5,True,"Fp2,F4,F8,FC2,FC6",pca1,sub-03_DLPFC_sham_ave.fif,DLPFC_sham,False,A1 non-trivial,0.5173338733692421,8,8,128
3,m1,active,late,0.08,0.2,-0.0174912082756652,1.0000000000002292,4.000000000000001,-0.5915558628117358,12.344318296719752,61.29147398006874,0.9371467597990012,0.0227914077271741,30,5,True,"C3,FC1,CP1,FC5,CP5",pca1,sub-03_M1_active_ave.fif,M1_active,False,A1 non-trivial,0.6709320106339587,9,8,128
3,m1,sham,late,0.08,0.2,0.0220947690272328,6.120473931637003,4.394140021650949,0.5948523805630029,12.327567922519664,61.25618406557113,0.9397249132644946,0.0223190773274771,30,5,True,"C3,FC1,CP1,FC5,CP5",pca1,sub-03_M1_sham_ave.fif,M1_sham,False,A1 non-trivial,0.7163974335793506,9,8,128
3,ppc,active,late,0.08,0.2,0.0074716551076001,1.000000000000104,4.362029496160914,0.6137201604730387,12.646357181122738,61.42895305571678,0.9249032239278656,0.0249125372667523,30,5,True,"P3,P7,Pz,CP1,CP5",pca1,sub-03_PPC_active_ave.fif,PPC_active,False,A1 non-trivial,0.5086589776735844,8,8,128
3,ppc,sham,late,0.08,0.2,-0.022513858528054,1.0000000000000002,10.09042652172628,0.5260831027794326,11.310577454888216,61.18413210822256,0.954258994385778,0.0194428608962858,30,5,True,"P3,P7,Pz,CP1,CP5",pca1,sub-03_PPC_sham_ave.fif,PPC_sham,False,A1 non-trivial,0.7302187299053648,9,8,128
4,dlpfc,active,late,0.08,0.2,0.0247174245415581,2.8239987829807776,7.140087882809711,-0.5266682356747608,11.200986292963927,59.88336675695905,0.994180639239924,0.0069349758892812,30,5,True,"Fp2,F4,F8,FC2,FC6",pca1,sub-04_DLPFC_active_ave.fif,DLPFC_active,False,A1 non-trivial,0.9704349725608216,18,8,128
4,dlpfc,sham,late,0.08,0.2,0.1720844205076609,14.575198457614423,7.70079059666374,0.5814275152201765,12.416008118198231,61.765824071513,0.8970540478690501,0.0291683560201781,30,5,True,"Fp2,F4,F8,FC2,FC6",pca1,sub-04_DLPFC_sham_ave.fif,DLPFC_sham,True,,0.6664471238434182,12,8,128
4,m1,active,late,0.08,0.2,0.0144079687293399,1.000000000000114,4.027234147100178,0.60573221944868,12.515882161438526,61.28515151938899,0.9384572147163714,0.0225525621661112,30,5,True,"C3,FC1,CP1,FC5,CP5",pca1,sub-04_M1_active_ave.fif,M1_active,False,A1 non-trivial,0.7474849015892573,9,8,128
4,m1,sham,late,0.08,0.2,-0.0146562572989848,1.0000000000176128,4.000000000000001,-0.6085946412080188,12.54109880433132,61.22934583236483,0.9421547835135864,0.0218645750116701,30,5,True,"C3,FC1,CP1,FC5,CP5",pca1,sub-04_M1_sham_ave.fif,M1_sham,False,A1 non-trivial,0.7588233876456998,9,8,128
4,ppc,active,late,0.08,0.2,0.0108933006181865,1.0000000000000002,4.177544986860264,0.6080637103311404,12.564604063247575,61.37895191660968,0.9296145896370543,0.0241184080398176,30,5,True,"P3,P7,Pz,CP1,CP5",pca1,sub-04_PPC_active_ave.fif,PPC_active,False,A1 non-trivial,0.6628364290807762,8,8,128
4,ppc,sham,late,0.08,0.2,0.0616206197904145,9.896839859916422,9.90924944339552,-0.5736666506458189,12.007928832913215,60.93030070057453,0.9624254196898828,0.0176219670187093,30,5,True,"P3,P7,Pz,CP1,CP5",pca1,sub-04_PPC_sham_ave.fif,PPC_sham,False,A1 non-trivial,0.6235664124294731,8,8,128
5,dlpfc,active,late,0.08,0.2,0.0877516012470647,1.0000000000000002,6.69255687209728,-0.4130445483088167,11.605038863635476,58.94077704086912,0.9654321989086944,0.016902198276378,30,5,True,"Fp2,F4,F8,FC2,FC6",pca1,sub-05_DLPFC_active_ave.fif,DLPFC_active,False,A1 non-trivial,0.5797521342743883,9,8,128
5,dlpfc,sham,late,0.08,0.2,0.046350073955838,1.0000000000000002,7.820364309281885,-0.4994272978725875,11.275890366053176,60.7637152118841,0.9562001623866158,0.0190258279472844,30,5,True,"Fp2,F4,F8,FC2,FC6",pca1,sub-05_DLPFC_sham_ave.fif,DLPFC_sham,False,A1 non-trivial,0.5086067859227109,8,8,128
5,m1,active,late,0.08,0.2,-0.015046700137755,1.000000000000176,4.008239844285829,-0.6095033096889982,12.639407593188857,61.432934658947325,0.92604725252533,0.0247220494957226,30,5,True,"C3,FC1,CP1,FC5,CP5",pca1,sub-05_M1_active_ave.fif,M1_active,False,A1 non-trivial,0.7297096807822956,9,8,128
5,m1,sham,late,0.08,0.2,-0.1270534558194478,1.1776825117086254,7.102160692890853,0.1466356957098854,14.999999999999998,59.058875880638965,0.8380073327273867,0.0365893751561089,30,5,True,"C3,FC1,CP1,FC5,CP5",pca1,sub-05_M1_sham_ave.fif,M1_sham,True,,1.0507731076741444,24,8,128
5,ppc,active,late,0.08,0.2,0.0616603432736986,14.99999999999998,4.98782555408388,0.6086160440676144,12.583743476514142,61.40469473411008,0.9270625224157414,0.0245517630938517,30,5,True,"P3,P7,Pz,CP1,CP5",pca1,sub-05_PPC_active_ave.fif,PPC_active,False,A1 non-trivial,0.6036358042248405,8,8,128
5,ppc,sham,late,0.08,0.2,-0.0678453530200284,14.999999999999998,6.798986236148577,-0.6255514007946615,12.938884455522452,61.758644376555736,0.8965083747896969,0.0292455584284364,30,5,True,"P3,P7,Pz,CP1,CP5",pca1,sub-05_PPC_sham_ave.fif,PPC_sham,False,A1 non-trivial,0.7164363913724374,10,8,128
6,dlpfc,active,late,0.08,0.2,0.1244872044043143,14.999999999999998,8.024316202657804,0.5888600596362638,12.543951268286298,62.07658059275382,0.8709987762270758,0.0326515821428777,30,5,True,"Fp2,F4,F8,FC2,FC6",pca1,sub-06_DLPFC_active_ave.fif,DLPFC_active,True,,0.8809307680997147,14,8,128
6,dlpfc,sham,late,0.08,0.2,-0.2701935525749316,14.999999999999998,9.55559537793718,-0.5574972298795028,12.692858352596524,58.997270569743925,0.9552509188963412,0.0192308896466997,30,5,True,"Fp2,F4,F8,FC2,FC6",pca1,sub-06_DLPFC_sham_ave.fif,DLPFC_sham,True,,0.8636219292829432,14,9,128
6,m1,active,late,0.08,0.2,0.0505879966918654,14.999999999999998,5.378530409206057,0.6074994823590123,12.534853918263094,61.37808350822197,0.929158967748134,0.0241963442803237,30,5,True,"C3,FC1,CP1,FC5,CP5",pca1,sub-06_M1_active_ave.fif,M1_active,False,A1 non-trivial,0.4546688307429619,9,8,128
6,m1,sham,late,0.08,0.2,0.0688602275762266,14.999999999999998,4.773964389634062,0.6126747931091691,12.707744553805874,61.51013087511282,0.9181348439411662,0.0260109887885389,30,5,True,"C3,FC1,CP1,FC5,CP5",pca1,sub-06_M1_sham_ave.fif,M1_sham,False,A1 non-trivial,0.7693022781519485,9,8,128
6,ppc,active,late,0.08,0.2,-0.0711730338074156,14.999999999999998,5.09359005907775,-0.6058980769027335,12.545970801659236,61.41165492179815,0.928256643857058,0.024349954800228,30,5,True,"P3,P7,Pz,CP1,CP5",pca1,sub-06_PPC_active_ave.fif,PPC_active,False,A1 non-trivial,0.7149057173199393,9,8,128
6,ppc,sham,late,0.08,0.2,-0.0600234890644423,14.999999999999703,5.086026280422413,-0.6133961691648561,12.68093906540159,61.48086292966367,0.9208829922324338,0.0255706779027357,30,5,True,"P3,P7,Pz,CP1,CP5",pca1,sub-06_PPC_sham_ave.fif,PPC_sham,False,A1 non-trivial,0.6897873078137425,9,8,128
7,dlpfc,active,late,0.08,0.2,0.0035381020233229,1.0000000000058336,11.218399315750473,0.5681129537297762,11.753519546735497,60.77945032907719,0.968178128594654,0.0162169871678747,30,5,True,"Fp2,F4,F8,FC2,FC6",pca1,sub-07_DLPFC_active_ave.fif,DLPFC_active,False,A1 non-trivial,0.8085624252267235,8,8,128
7,dlpfc,sham,late,0.08,0.2,-0.0520070279835126,14.999999999999996,5.596181241019941,-0.5751575625146544,11.86431859155547,60.78811905140871,0.9709394547004851,0.0154974125547647,30,5,True,"Fp2,F4,F8,FC2,FC6",pca1,sub-07_DLPFC_sham_ave.fif,DLPFC_sham,False,A1 non-trivial,0.7528418528401545,9,8,128
7,m1,active,late,0.08,0.2,0.0424664345981024,8.985532298592481,4.247290957012142,0.5769918112137445,12.003376569919949,60.98648845703448,0.9595981859440682,0.0182729113651468,30,5,True,"C3,FC1,CP1,FC5,CP5",pca1,sub-07_M1_active_ave.fif,M1_active,False,A1 non-trivial,0.6942080186263679,9,8,128
7,m1,sham,late,0.08,0.2,0.2021114394769117,11.355571077954476,4.145461383931639,0.5234838017439207,11.733789263691843,60.83318049448106,0.9685429676239468,0.0161237549663053,30,5,True,"C3,FC1,CP1,FC5,CP5",pca1,sub-07_M1_sham_ave.fif,M1_sham,True,,0.7380615931589141,10,8,128
7,ppc,active,late,0.08,0.2,0.0500630832005099,14.999999999999998,11.735307418795768,-0.6104419913994263,12.59140090792656,61.42697903607807,0.9260651978430742,0.0247190497968233,30,5,True,"P3,P7,Pz,CP1,CP5",pca1,sub-07_PPC_active_ave.fif,PPC_active,False,A1 non-trivial,0.6277110566782067,9,8,128
7,ppc,sham,late,0.08,0.2,0.0451990621399237,14.999999999999998,11.421141423928267,-0.6005878952493044,12.391491844684472,61.2741126044053,0.9380192031173076,0.0226326752909929,30,5,True,"P3,P7,Pz,CP1,CP5",pca1,sub-07_PPC_sham_ave.fif,PPC_sham,False,A1 non-trivial,0.5781170958262399,9,8,128
8,dlpfc,active,late,0.08,0.2,-0.0138952459989078,1.0000000000002172,4.000000000000001,-0.5541206357595997,11.582184007342148,60.32518518590464,0.9830924896196946,0.0118208075343054,30,5,True,"Fp2,F4,F8,FC2,FC6",pca1,sub-08_DLPFC_active_ave.fif,DLPFC_active,False,A1 non-trivial,0.8096630330089725,12,13,128
8,dlpfc,sham,late,0.08,0.2,0.043591312827033,3.877090480039296,4.000000000000001,0.5834286765563123,12.290930890641643,61.08592501592812,0.954691398693937,0.0193507428929295,30,5,True,"Fp2,F4,F8,FC2,FC6",pca1,sub-08_DLPFC_sham_ave.fif,DLPFC_sham,False,A1 non-trivial,0.8646658434112436,12,8,128
8,m1,active,late,0.08,0.2,-0.1382859922209595,14.999999999999998,4.640148709617765,-0.5961558264943745,12.46844917475309,61.25576176723781,0.9395778383786062,0.0223462906916281,30,5,True,"C3,FC1,CP1,FC5,CP5",pca1,sub-08_M1_active_ave.fif,M1_active,True,,0.6253085078095906,9,8,128
8,m1,sham,late,0.08,0.2,-0.0413189070307779,4.2666154788287285,4.000000000000001,-0.5706202026335911,12.067889167451211,61.11490830978157,0.9523036310882664,0.0198540894297981,30,5,True,"C3,FC1,CP1,FC5,CP5",pca1,sub-08_M1_sham_ave.fif,M1_sham,False,A1 non-trivial,0.7530947583089056,9,8,128
8,ppc,active,late,0.08,0.2,-0.0524553873546487,14.99999999999982,5.086319457196977,-0.6121671469932667,12.64433159917463,61.450204498081376,0.9229450216902249,0.0252352531716355,30,5,True,"P3,P7,Pz,CP1,CP5",pca1,sub-08_PPC_active_ave.fif,PPC_active,False,A1 non-trivial,0.5904837699841616,8,8,128
8,ppc,sham,late,0.08,0.2,0.0669671546556549,14.99999999991764,4.801377583360729,0.5862022186096999,12.187718591154493,61.21413979415192,0.9425265703099304,0.0217941969865599,30,5,True,"P3,P7,Pz,CP1,CP5",pca1,sub-08_PPC_sham_ave.fif,PPC_sham,False,A1 non-trivial,0.6273514359714317,9,8,128
9,dlpfc,active,late,0.08,0.2,0.0151294931869091,4.776330726082793,9.312269941904136,0.5694752175352716,11.762307420632409,60.78800313806967,0.9697960613155916,0.0157993458092502,30,5,True,"Fp2,F4,F8,FC2,FC6",pca1,sub-09_DLPFC_active_ave.fif,DLPFC_active,False,A1 non-trivial,0.6254301004066871,17,8,128
9,dlpfc,sham,late,0.08,0.2,0.0923977378929972,14.999999999999998,4.615558923318033,0.6414629656306731,13.212102116513964,61.54641454690938,0.907021767776472,0.0277203019903358,30,5,True,"Fp2,F4,F8,FC2,FC6",pca1,sub-09_DLPFC_sham_ave.fif,DLPFC_sham,False,A1 non-trivial,0.5363818164473093,8,8,128
9,m1,active,late,0.08,0.2,0.1089029367327832,14.999999999999996,4.470982508401202,0.5909321902335607,12.332672164887835,61.2245993046082,0.9429167493509928,0.0217200921295127,30,5,True,"C3,FC1,CP1,FC5,CP5",pca1,sub-09_M1_active_ave.fif,M1_active,True,,0.6630212433186231,9,8,128
9,m1,sham,late,0.08,0.2,-0.0180314185684415,4.15733548597442,4.249271938949599,-0.5879029460531414,12.19443983798749,61.17076916131573,0.9469580620491674,0.0209371230978184,30,5,True,"C3,FC1,CP1,FC5,CP5",pca1,sub-09_M1_sham_ave.fif,M1_sham,False,A1 non-trivial,0.7014056859527912,9,8,128
9,ppc,active,late,0.08,0.2,-0.0781664314905461,14.999999999999998,4.797563875149091,-0.5778146650860557,11.957296319986066,60.87812271601054,0.967362567759776,0.0164234845569658,30,5,True,"P3,P7,Pz,CP1,CP5",pca1,sub-09_PPC_active_ave.fif,PPC_active,False,A1 non-trivial,0.8466802681558708,10,8,128
9,ppc,sham,late,0.08,0.2,0.0672731169129453,14.99999999999836,4.944090501285019,0.5906561535440354,12.24700946131694,61.208050732158696,0.9429405492576464,0.0217155637428799,30,5,True,"P3,P7,Pz,CP1,CP5",pca1,sub-09_PPC_sham_ave.fif,PPC_sham,False,A1 non-trivial,0.6856815806327171,9,8,128
10,dlpfc,active,late,0.08,0.2,-0.061480558154796,4.5085149454774704,4.000000000000001,-0.5468132072326848,11.830607609132578,60.94458575052201,0.9631718709776476,0.0174460512065221,30,5,True,"Fp2,F4,F8,FC2,FC6",pca1,sub-10_DLPFC_active_ave.fif,DLPFC_active,False,A1 non-trivial,0.6535945979508242,13,9,128
10,dlpfc,sham,late,0.08,0.2,0.236486042677759,11.775030068594312,4.000000000000007,-0.4727553800733067,10.757734986228767,61.019140043248335,0.9378400785484068,0.0226653559240909,30,5,True,"Fp2,F4,F8,FC2,FC6",pca1,sub-10_DLPFC_sham_ave.fif,DLPFC_sham,True,,0.6614707033966314,10,8,128
10,m1,active,late,0.08,0.2,0.0981684515813364,14.99999999999851,4.580448398338342,0.5856601625042995,12.250705769629883,61.265907076530524,0.938959080149332,0.0224604187861564,30,5,True,"C3,FC1,CP1,FC5,CP5",pca1,sub-10_M1_active_ave.fif,M1_active,False,A1 non-trivial,0.7429134438664602,9,8,128
10,m1,sham,late,0.08,0.2,0.057647396522175,9.570492941021458,4.3217849710916685,0.587669964834824,12.253879486461887,61.18025957704283,0.9482738247324844,0.0206758083723212,30,5,True,"C3,FC1,CP1,FC5,CP5",pca1,sub-10_M1_sham_ave.fif,M1_sham,False,A1 non-trivial,0.7273425846668088,9,8,128
10,ppc,active,late,0.08,0.2,-0.0211334302896311,1.0000000000003504,5.976017054946792,0.5237685540760285,11.67919797925462,58.40345903307104,0.9130434825182632,0.0268076277371568,30,5,True,"P3,P7,Pz,CP1,CP5",pca1,sub-10_PPC_active_ave.fif,PPC_active,False,A1 non-trivial,0.7246572395832789,13,9,128
10,ppc,sham,late,0.08,0.2,0.0575184831383317,14.99999999999788,4.805687349950107,0.5891557438827922,12.225506066521168,61.21933284421006,0.941623333741454,0.0219647851644081,30,5,True,"P3,P7,Pz,CP1,CP5",pca1,sub-10_PPC_sham_ave.fif,PPC_sham,False,A1 non-trivial,0.7231431739202246,9,8,128
11,dlpfc,active,late,0.08,0.2,-0.0311838086395554,7.302132529462911,7.563782537516629,-0.5609517540357376,11.621057783456514,60.60078595388476,0.9798497984837355,0.0129046732257539,30,5,True,"Fp2,F4,F8,FC2,FC6",pca1,sub-11_DLPFC_active_ave.fif,DLPFC_active,False,A1 non-trivial,0.6259333383841925,9,8,128
11,dlpfc,sham,late,0.08,0.2,0.1041823763268655,1.411569913871639,7.190861268476326,-0.3566527625476334,10.996601339808953,59.855775463501615,0.9864363038236984,0.0105875711391949,30,5,True,"Fp2,F4,F8,FC2,FC6",pca1,sub-11_DLPFC_sham_ave.fif,DLPFC_sham,True,,0.8912608020230256,8,8,128
11,m1,active,late,0.08,0.2,-0.0355690219873767,6.978832799836667,4.226599276693312,-0.5874006059116614,12.241869666047489,61.21869400273594,0.944122905104208,0.0214893967516054,30,5,True,"C3,FC1,CP1,FC5,CP5",pca1,sub-11_M1_active_ave.fif,M1_active,False,A1 non-trivial,0.7602195360621683,9,8,128
11,m1,sham,late,0.08,0.2,-0.0264558832372665,3.209924582153296,4.000000000000147,-0.593322760596117,12.367436216697923,61.25074310224096,0.9430457108021856,0.0216955434363165,30,5,True,"C3,FC1,CP1,FC5,CP5",pca1,sub-11_M1_sham_ave.fif,M1_sham,False,A1 non-trivial,0.7216465396253667,9,8,128
11,ppc,active,late,0.08,0.2,0.020460011254378,1.000000000000057,4.023397117713578,0.6430018099363275,13.442925618738329,62.02094796382834,0.8800169035748616,0.0314896147696867,30,5,True,"P3,P7,Pz,CP1,CP5",pca1,sub-11_PPC_active_ave.fif,PPC_active,False,A1 non-trivial,0.7474467552451923,10,8,128
11,ppc,sham,late,0.08,0.2,0.0441801653658803,14.999999999999998,11.539921708533166,-0.6003145275595355,12.376618949799406,61.25530860573152,0.939445826953665,0.0223706886614334,30,5,True,"P3,P7,Pz,CP1,CP5",pca1,sub-11_PPC_sham_ave.fif,PPC_sham,False,A1 non-trivial,0.6446377297878552,9,8,128
12,dlpfc,active,late,0.08,0.2,0.0715055308878678,7.972621157938991,7.298619121938596,0.5626259709147771,11.813440923745892,60.776194063275256,0.967497071268206,0.0163896078583211,30,5,True,"Fp2,F4,F8,FC2,FC6",pca1,sub-12_DLPFC_active_ave.fif,DLPFC_active,False,A1 non-trivial,0.8867515776957574,11,8,128
12,dlpfc,sham,late,0.08,0.2,0.1384891338378555,14.999999999999998,7.951608823489455,0.5860933419666198,12.12759528421202,60.957303155018,0.9581802330900924,0.018590801714499,30,5,True,"Fp2,F4,F8,FC2,FC6",pca1,sub-12_DLPFC_sham_ave.fif,DLPFC_sham,True,,0.7900176054956024,12,8,128
12,m1,active,late,0.08,0.2,-0.0177312042134201,1.0000000000000089,4.000000000000001,-0.5638682941284648,11.817196200846924,60.960676484315805,0.961471010156916,0.0178443661613423,30,5,True,"C3,FC1,CP1,FC5,CP5",pca1,sub-12_M1_active_ave.fif,M1_active,False,A1 non-trivial,0.5062193379329089,9,8,128
12,m1,sham,late,0.08,0.2,0.0050479713026882,1.0000000000016012,4.343474655833757,0.5851682213924486,12.11563122846818,61.141170057100815,0.946054209503424,0.0211147573834994,30,5,True,"C3,FC1,CP1,FC5,CP5",pca1,sub-12_M1_sham_ave.fif,M1_sham,False,A1 non-trivial,0.658051648503862,9,8,128
12,ppc,active,late,0.08,0.2,0.0915175210940858,14.999999999999991,10.4952960628183,-0.6555593882964845,13.581456868918815,61.86002251601002,0.8849690528610379,0.0308329204703933,30,5,True,"P3,P7,Pz,CP1,CP5",pca1,sub-12_PPC_active_ave.fif,PPC_active,False,A1 non-trivial,0.592952826448541,8,8,128
12,ppc,sham,late,0.08,0.2,0.0427536268926751,14.999999999999998,7.629352289360923,0.5574669210365083,11.616148711843216,60.8336133703452,0.9593117287037444,0.0183375763111727,30,5,True,"P3,P7,Pz,CP1,CP5",pca1,sub-12_PPC_sham_ave.fif,PPC_sham,False,A1 non-trivial,0.6536082970079063,10,8,128
13,dlpfc,active,late,0.08,0.2,0.0759539224337685,7.704566051238413,4.000000000000001,0.5460523552878516,11.627102537000836,60.66620363682401,0.979842840748147,0.0129069009839895,30,5,True,"Fp2,F4,F8,FC2,FC6",pca1,sub-13_DLPFC_active_ave.fif,DLPFC_active,False,A1 non-trivial,0.5938119386101447,9,10,128
13,dlpfc,sham,late,0.08,0.2,-0.388165477595974,8.923220698662826,4.000000000000001,-0.2380457061231877,11.142523831978844,60.20942948149305,0.9704724697611534,0.0156214332107185,30,5,True,"Fp2,F4,F8,FC2,FC6",pca1,sub-13_DLPFC_sham_ave.fif,DLPFC_sham,True,,0.7229556840034818,8,13,128
13,m1,active,late,0.08,0.2,0.0108726073811911,1.000000000000158,6.743901100223482,-0.5922554450148446,12.287185036311522,61.23378574110114,0.9384377065317386,0.022556136303071,30,5,True,"C3,FC1,CP1,FC5,CP5",pca1,sub-13_M1_active_ave.fif,M1_active,False,A1 non-trivial,0.4749643463225783,8,8,128
13,m1,sham,late,0.08,0.2,0.1068122946734376,8.056912675872278,4.048725095490721,0.5656092145473609,12.22683845041613,61.18103141432899,0.960791246502424,0.0180010912208904,30,5,True,"C3,FC1,CP1,FC5,CP5",pca1,sub-13_M1_sham_ave.fif,M1_sham,True,,0.6712908669496103,9,8,128
13,ppc,active,late,0.08,0.2,-0.0121048502190387,1.0000000000000002,4.107976383821942,-0.5998318547905706,12.448979227199,61.35486387478683,0.9307673132561918,0.0239200954198247,30,5,True,"P3,P7,Pz,CP1,CP5",pca1,sub-13_PPC_active_ave.fif,PPC_active,False,A1 non-trivial,0.5876048913108415,8,8,128
13,ppc,sham,late,0.08,0.2,0.0083534502310895,1.000000000034594,4.341978403318725,0.6150779525639575,12.677043247173508,61.44565590164606,0.9237268355542176,0.0251069060426115,30,5,True,"P3,P7,Pz,CP1,CP5",pca1,sub-13_PPC_sham_ave.fif,PPC_sham,False,A1 non-trivial,0.7236934849479894,9,8,128
14,dlpfc,active,late,0.08,0.2,0.0289917430496222,3.348072178162284,4.000000000000001,0.5578139743643193,11.687027281143688,60.582684994814464,0.980654250462938,0.0126444544207415,30,5,True,"Fp2,F4,F8,FC2,FC6",pca1,sub-14_DLPFC_active_ave.fif,DLPFC_active,False,A1 non-trivial,0.4643144326648412,8,8,128
14,dlpfc,sham,late,0.08,0.2,-0.0362117006105747,2.335463985936069,6.608517256018712,0.6808597596442694,14.058796681467244,58.86841012622375,0.9278254536633804,0.0244230189389687,30,5,True,"Fp2,F4,F8,FC2,FC6",pca1,sub-14_DLPFC_sham_ave.fif,DLPFC_sham,False,A1 non-trivial,0.6886545919230284,10,8,128
14,m1,active,late,0.08,0.2,-0.2464942662270187,13.17412215463785,9.10052745890606,-0.5076942275591771,11.33704152091342,60.59687744623785,0.977823976881093,0.0135378328531588,30,5,True,"C3,FC1,CP1,FC5,CP5",pca1,sub-14_M1_active_ave.fif,M1_active,True,,0.6690332233544684,12,8,128
14,m1,sham,late,0.08,0.2,0.0102980529892244,1.0000000000000338,4.096443028341127,0.593015040668495,12.287309049225245,61.24733907707369,0.9407298632812952,0.0221322353301521,30,5,True,"C3,FC1,CP1,FC5,CP5",pca1,sub-14_M1_sham_ave.fif,M1_sham,False,A1 non-trivial,0.683099696280372,9,8,128
14,ppc,active,late,0.08,0.2,0.0571718437895727,14.999999999999998,5.174820356628641,0.6096406094350659,12.589503212004145,61.40541720683028,0.9267534944772532,0.0246037196562184,30,5,True,"P3,P7,Pz,CP1,CP5",pca1,sub-14_PPC_active_ave.fif,PPC_active,False,A1 non-trivial,0.6371877565143278,8,8,128
14,ppc,sham,late,0.08,0.2,-0.0530924282620729,14.999999999994309,4.942979471677734,-0.6107401058039036,12.624845687083898,61.44205138858715,0.9236911385612944,0.0251127805609613,30,5,True,"P3,P7,Pz,CP1,CP5",pca1,sub-14_PPC_sham_ave.fif,PPC_sham,False,A1 non-trivial,0.6422861700165592,9,8,128
15,dlpfc,active,late,0.08,0.2,0.0594763853743735,10.99306725343836,7.142480788385458,0.5887434707210404,12.123831258481792,61.03747686069568,0.9576610425401374,0.0187058477321851,30,5,True,"Fp2,F4,F8,FC2,FC6",pca1,sub-15_DLPFC_active_ave.fif,DLPFC_active,False,A1 non-trivial,0.7394984771120826,16,8,128
15,dlpfc,sham,late,0.08,0.2,0.2574980622870313,5.825967220964841,4.000000000000001,0.2807202758385071,12.604270868264038,60.0476958602434,0.9619276037381068,0.0177383173674565,30,5,True,"Fp2,F4,F8,FC2,FC6",pca1,sub-15_DLPFC_sham_ave.fif,DLPFC_sham,True,,0.5882251563357854,8,8,128
15,m1,active,late,0.08,0.2,-0.033442486137936,2.2899643178321014,4.000000000000001,-0.5680367749748014,12.12346450041304,61.27842128310908,0.9370486490129204,0.0228091889187056,30,5,True,"C3,FC1,CP1,FC5,CP5",pca1,sub-15_M1_active_ave.fif,M1_active,False,A1 non-trivial,0.6158211633129895,9,8,128
15,m1,sham,late,0.08,0.2,-0.0128413507081442,1.0000000000000002,4.072871815804827,-0.587015865863997,12.238495988227353,61.26164740896678,0.9363090616565176,0.0229427851694517,30,5,True,"C3,FC1,CP1,FC5,CP5",pca1,sub-15_M1_sham_ave.fif,M1_sham,False,A1 non-trivial,0.6871677647962984,9,8,128
15,ppc,active,late,0.08,0.2,0.0076122077894989,1.000000000691014,4.511240456227981,0.6315377918930495,13.000926298699984,61.655465659325465,0.905620460012819,0.0279284120267294,30,5,True,"P3,P7,Pz,CP1,CP5",pca1,sub-15_PPC_active_ave.fif,PPC_active,False,A1 non-trivial,0.5823765551206674,8,8,128
15,ppc,sham,late,0.08,0.2,0.0506693329772322,8.074567250041284,4.157083698596687,0.5638656229753829,11.82496637782267,60.903849824639885,0.9654234332477364,0.01690434115998,30,5,True,"P3,P7,Pz,CP1,CP5",pca1,sub-15_PPC_sham_ave.fif,PPC_sham,False,A1 non-trivial,0.7744803420954516,9,8,128
16,dlpfc,active,late,0.08,0.2,0.0093475529747624,1.0000000000000002,6.385700289202501,-0.5479506918495288,11.430508868104052,60.136638730603615,0.9942672409672068,0.006883180502531,30,5,True,"Fp2,F4,F8,FC2,FC6",pca1,sub-16_DLPFC_active_ave.fif,DLPFC_active,False,A1 non-trivial,0.5340613816169711,12,8,128
16,dlpfc,sham,late,0.08,0.2,0.1607218209155669,5.943296627103987,4.000000000000001,0.4539481127015901,11.533584275674436,60.62504980658292,0.9702436561641749,0.0156818429089122,30,5,True,"Fp2,F4,F8,FC2,FC6",pca1,sub-16_DLPFC_sham_ave.fif,DLPFC_sham,True,,0.6424904957003403,9,8,128
16,m1,active,late,0.08,0.2,0.0475676775395658,7.714000975241602,7.543981285125972,0.6005587648684704,12.357463536627405,61.17976877185378,0.9459514676481188,0.0211348547571621,30,5,True,"C3,FC1,CP1,FC5,CP5",pca1,sub-16_M1_active_ave.fif,M1_active,False,A1 non-trivial,0.6120433249447006,9,8,128
16,m1,sham,late,0.08,0.2,-0.0103806175717964,1.0000000000000004,4.000000000016547,-0.6103411192566003,12.610524256031956,61.41000463750427,0.9267015147994612,0.0246124481723339,30,5,True,"C3,FC1,CP1,FC5,CP5",pca1,sub-16_M1_sham_ave.fif,M1_sham,False,A1 non-trivial,0.6806881211295096,9,8,128
16,ppc,active,late,0.08,0.2,0.0110415534676553,1.0000000000000218,5.709366043284867,-0.5757163723968679,12.281619941220727,58.69944450112586,0.945093694875056,0.0213019040648841,30,5,True,"P3,P7,Pz,CP1,CP5",pca1,sub-16_PPC_active_ave.fif,PPC_active,False,A1 non-trivial,0.5815074829061415,13,8,128
16,ppc,sham,late,0.08,0.2,-0.0090040316348499,1.0000000000000009,4.297510565414737,-0.614201050106203,12.668956927847834,61.45222121219935,0.9237765195990671,0.0250987274396844,30,5,True,"P3,P7,Pz,CP1,CP5",pca1,sub-16_PPC_sham_ave.fif,PPC_sham,False,A1 non-trivial,0.6892162151617036,9,8,128
17,dlpfc,active,late,0.08,0.2,0.0451446969596794,1.0000000000000002,7.740854232295459,-0.5581559824196399,12.20224709736816,60.80604731204739,0.9593766463170936,0.0183229417880095,30,5,True,"Fp2,F4,F8,FC2,FC6",pca1,sub-17_DLPFC_active_ave.fif,DLPFC_active,False,A1 non-trivial,0.6620646408818169,10,8,128
17,dlpfc,sham,late,0.08,0.2,-0.0499205933966468,14.999999999999998,11.89402039828957,0.5782793485213821,11.967517162299568,60.99013294881197,0.9562722104768254,0.0190101733373879,30,5,True,"Fp2,F4,F8,FC2,FC6",pca1,sub-17_DLPFC_sham_ave.fif,DLPFC_sham,False,A1 non-trivial,0.8816797038253784,14,9,128
17,m1,active,late,0.08,0.2,-0.01757276562252,1.0000000000177822,4.000000000000001,-0.5990329684745822,12.49149348166211,61.39199969106526,0.9300320875178628,0.0240467713147849,30,5,True,"C3,FC1,CP1,FC5,CP5",pca1,sub-17_M1_active_ave.fif,M1_active,False,A1 non-trivial,0.7272431046040427,9,8,128
17,m1,sham,late,0.08,0.2,0.0066700269646492,1.0000000000000535,4.360438629619922,0.5966753956299464,12.289022636697032,61.15548886971257,0.94671509825699,0.0209850205822642,30,5,True,"C3,FC1,CP1,FC5,CP5",pca1,sub-17_M1_sham_ave.fif,M1_sham,False,A1 non-trivial,0.6707787542966916,9,8,128
17,ppc,active,late,0.08,0.2,-0.0076685595689915,1.0000000000001097,4.4450708987221486,-0.6194600238760638,12.75308400376541,61.48851394533648,0.9201643085883792,0.025686554900464,30,5,True,"P3,P7,Pz,CP1,CP5",pca1,sub-17_PPC_active_ave.fif,PPC_active,False,A1 non-trivial,0.5416490760173134,8,8,128
17,ppc,sham,late,0.08,0.2,0.0094691648229232,1.0000000000000469,4.314529053474312,0.6181105212871543,12.73931015472516,61.48159373293137,0.921512013901216,0.0254688249084356,30,5,True,"P3,P7,Pz,CP1,CP5",pca1,sub-17_PPC_sham_ave.fif,PPC_sham,False,A1 non-trivial,0.7213888686240304,9,8,128
18,dlpfc,active,late,0.08,0.2,-0.1712276877794241,10.66269383127897,9.781313408001546,-0.5095481031079855,11.322060228229098,60.19427141882914,0.978469751136055,0.0133392631372834,30,5,True,"Fp2,F4,F8,FC2,FC6",pca1,sub-18_DLPFC_active_ave.fif,DLPFC_active,True,,0.7490523707003435,11,8,128
18,dlpfc,sham,late,0.08,0.2,0.0123369933597626,1.000000000050126,4.1965981615128,0.6327515483306427,13.051976855259165,61.72979163613063,0.9070174465760454,0.0277209461388972,30,5,True,"Fp2,F4,F8,FC2,FC6",pca1,sub-18_DLPFC_sham_ave.fif,DLPFC_sham,False,A1 non-trivial,0.7143357969702679,11,8,128
18,m1,active,late,0.08,0.2,0.0992808271137162,9.669130838661816,4.134359102613732,0.5603885424150528,12.00587428559551,61.16643915315476,0.9518702249465104,0.0199440902531798,30,5,True,"C3,FC1,CP1,FC5,CP5",pca1,sub-18_M1_active_ave.fif,M1_active,False,A1 non-trivial,0.7080643920358746,9,8,128
18,m1,sham,late,0.08,0.2,0.0161494638455311,1.0000000000000178,4.046119582322126,0.6054060043322781,12.601928001140433,61.47547267097328,0.924011507613362,0.0250600093652499,30,5,True,"C3,FC1,CP1,FC5,CP5",pca1,sub-18_M1_sham_ave.fif,M1_sham,False,A1 non-trivial,0.723014956726084,9,8,128
18,ppc,active,late,0.08,0.2,-0.0512391974928358,14.999999999999998,10.898867802425292,0.595168457444101,12.32416839866178,61.260770447871394,0.9395889620476142,0.0223442336303107,30,5,True,"P3,P7,Pz,CP1,CP5",pca1,sub-18_PPC_active_ave.fif,PPC_active,False,A1 non-trivial,0.7092334571441354,9,8,128
18,ppc,sham,late,0.08,0.2,-0.0605491844996435,14.999999999999998,5.158809802562011,-0.5916336147513207,12.231296436005213,61.17018298404943,0.9464238434081448,0.0210422944021042,30,5,True,"P3,P7,Pz,CP1,CP5",pca1,sub-18_PPC_sham_ave.fif,PPC_sham,False,A1 non-trivial,0.7148478707266408,9,8,128
19,dlpfc,active,late,0.08,0.2,-0.0964988347869254,1.0000000000000002,6.4737623165738,0.5282228039776461,14.99999999999844,58.56705102552364,0.9064134425561134,0.0278108364418621,30,5,True,"Fp2,F4,F8,FC2,FC6",pca1,sub-19_DLPFC_active_ave.fif,DLPFC_active,False,A1 non-trivial,0.7655578438925161,10,9,128
19,dlpfc,sham,late,0.08,0.2,-0.0774928054878356,3.337269491227329,7.3421287349274,0.5060503744190993,11.609034772879673,60.04030791029105,0.9891288925795874,0.0094786002653027,30,5,True,"Fp2,F4,F8,FC2,FC6",pca1,sub-19_DLPFC_sham_ave.fif,DLPFC_sham,False,A1 non-trivial,0.6669989933120172,9,8,128
19,m1,active,late,0.08,0.2,0.0302199608947788,1.0000000000000002,7.175082002067983,-0.5505619450150727,11.743843834866825,60.82102293986316,0.9702987775064196,0.0156673114712362,30,5,True,"C3,FC1,CP1,FC5,CP5",pca1,sub-19_M1_active_ave.fif,M1_active,False,A1 non-trivial,0.6520728992171649,10,8,128
19,m1,sham,late,0.08,0.2,-0.0654888011982785,3.595265808037393,7.142771139607135,-0.5710831237432684,12.330135809601677,61.2761964445749,0.9457571434017904,0.0211728144353408,30,5,True,"C3,FC1,CP1,FC5,CP5",pca1,sub-19_M1_sham_ave.fif,M1_sham,False,A1 non-trivial,0.5370176963173292,9,8,128
19,ppc,active,late,0.08,0.2,-0.0084828284216431,1.0000000000000613,4.342510871067627,-0.6127214889139848,12.632666282278402,61.42129049132909,0.925959362501714,0.0247367357406062,30,5,True,"P3,P7,Pz,CP1,CP5",pca1,sub-19_PPC_active_ave.fif,PPC_active,False,A1 non-trivial,0.6302775163782925,8,8,128
19,ppc,sham,late,0.08,0.2,-0.0868085753264501,14.99999999999998,4.650662674434275,-0.5910712268902324,12.2938311249762,61.22415035887849,0.9420005568495126,0.0218937032265133,30,5,True,"P3,P7,Pz,CP1,CP5",pca1,sub-19_PPC_sham_ave.fif,PPC_sham,False,A1 non-trivial,0.6661674188123246,9,8,128
20,dlpfc,active,late,0.08,0.2,-0.1391320468323229,5.129278022072033,4.000000000000001,-0.4654600499259532,11.627029112192096,60.51714107001858,0.970121215712458,0.0157140733605123,30,5,True,"Fp2,F4,F8,FC2,FC6",pca1,sub-20_DLPFC_active_ave.fif,DLPFC_active,True,,1.556357446971601,9,8,128
20,dlpfc,sham,late,0.08,0.2,0.0357802264040166,1.0000000000000002,6.836826912149895,-0.5834628821499078,12.450905053624496,61.087944520380205,0.947523751822194,0.0208251771066061,30,5,True,"Fp2,F4,F8,FC2,FC6",pca1,sub-20_DLPFC_sham_ave.fif,DLPFC_sham,False,A1 non-trivial,0.7098612652637406,10,8,128
20,m1,active,late,0.08,0.2,0.0304118334594784,2.528582776140777,4.000000000000001,0.5814416741501122,12.272211720538865,61.28458960401115,0.9387098279221844,0.0225062290891061,30,5,True,"C3,FC1,CP1,FC5,CP5",pca1,sub-20_M1_active_ave.fif,M1_active,False,A1 non-trivial,0.6302442034490463,9,8,128
20,m1,sham,late,0.08,0.2,-0.0096098883702467,1.0000000000000009,11.935516958749956,0.5792759765165988,11.9784629197713,60.94725134335762,0.9588732082099916,0.0184361286955945,30,5,True,"C3,FC1,CP1,FC5,CP5",pca1,sub-20_M1_sham_ave.fif,M1_sham,False,A1 non-trivial,0.8126790862193941,10,8,128
20,ppc,active,late,0.08,0.2,0.0075985411609768,1.0000000000002087,4.325425337676637,0.6145037756412286,12.65138206630217,61.39546045564354,0.9261678305789732,0.0247018869406532,30,5,True,"P3,P7,Pz,CP1,CP5",pca1,sub-20_PPC_active_ave.fif,PPC_active,False,A1 non-trivial,0.6831785042545158,8,8,128
20,ppc,sham,late,0.08,0.2,-0.1314034014548964,2.2983659969456807,7.333726925093927,0.3032578406827248,11.485511868999428,60.621097767904764,0.9450457870753904,0.0213111953915826,30,5,True,"P3,P7,Pz,CP1,CP5",pca1,sub-20_PPC_sham_ave.fif,PPC_sham,True,,0.7104315150531016,9,8,128
