subject,site,cond,file,roi_names,tmin_early,tmax_early,tmin_late,tmax_late,reason,evoked_nchan,evoked_nt,time0,time_end,sfreq_est,roi_present_n,roi_present,n_early_samples,n_late_samples,resample_n,xN_len,yN_len,bins_early,bins_late,mi_early_late_bits
1,dlpfc,active,sub-01_DLPFC_active_ave.fif,"Fp2,F4,F8,FC2,FC6",0.015,0.08,0.08,0.2,ok,30,601,-0.10000000149011612,0.49999999850988386,999.9999999999991,5,"Fp2,F4,F8,FC2,FC6",65,120,128,128,128,10,8,0.4505034924213601
1,dlpfc,sham,sub-01_DLPFC_sham_ave.fif,"Fp2,F4,F8,FC2,FC6",0.015,0.08,0.08,0.2,ok,30,601,-0.10000000149011612,0.49999999850988386,999.9999999999991,5,"Fp2,F4,F8,FC2,FC6",65,120,128,128,128,10,9,0.6852253755148542
1,m1,active,sub-01_M1_active_ave.fif,"C3,FC1,CP1,FC5,CP5",0.015,0.08,0.08,0.2,ok,30,601,-0.10000000149011612,0.49999999850988386,999.9999999999991,5,"C3,FC1,CP1,FC5,CP5",65,120,128,128,128,9,8,0.6730289019211955
1,m1,sham,sub-01_M1_sham_ave.fif,"C3,FC1,CP1,FC5,CP5",0.015,0.08,0.08,0.2,ok,30,601,-0.10000000149011612,0.49999999850988386,999.9999999999991,5,"C3,FC1,CP1,FC5,CP5",65,120,128,128,128,10,8,0.8258776416710429
1,ppc,active,sub-01_PPC_active_ave.fif,"P3,P7,Pz,CP1,CP5",0.015,0.08,0.08,0.2,ok,30,601,-0.10000000149011612,0.49999999850988386,999.9999999999991,5,"P3,P7,Pz,CP1,CP5",65,120,128,128,128,8,8,0.6050191736859214
1,ppc,sham,sub-01_PPC_sham_ave.fif,"P3,P7,Pz,CP1,CP5",0.015,0.08,0.08,0.2,ok,30,601,-0.10000000149011612,0.49999999850988386,999.9999999999991,5,"P3,P7,Pz,CP1,CP5",65,120,128,128,128,9,8,0.6793380811794851
2,dlpfc,active,sub-02_DLPFC_active_ave.fif,"Fp2,F4,F8,FC2,FC6",0.015,0.08,0.08,0.2,ok,30,601,-0.10000000149011612,0.49999999850988386,999.9999999999991,5,"Fp2,F4,F8,FC2,FC6",65,120,128,128,128,11,10,0.6664345685420087
2,dlpfc,sham,sub-02_DLPFC_sham_ave.fif,"Fp2,F4,F8,FC2,FC6",0.015,0.08,0.08,0.2,ok,30,601,-0.10000000149011612,0.49999999850988386,999.9999999999991,5,"Fp2,F4,F8,FC2,FC6",65,120,128,128,128,11,8,0.632726134331064
2,m1,active,sub-02_M1_active_ave.fif,"C3,FC1,CP1,FC5,CP5",0.015,0.08,0.08,0.2,ok,30,601,-0.10000000149011612,0.49999999850988386,999.9999999999991,5,"C3,FC1,CP1,FC5,CP5",65,120,128,128,128,9,8,0.6432929872427411
2,m1,sham,sub-02_M1_sham_ave.fif,"C3,FC1,CP1,FC5,CP5",0.015,0.08,0.08,0.2,ok,30,601,-0.10000000149011612,0.49999999850988386,999.9999999999991,5,"C3,FC1,CP1,FC5,CP5",65,120,128,128,128,9,8,0.6556009175772612
2,ppc,active,sub-02_PPC_active_ave.fif,"P3,P7,Pz,CP1,CP5",0.015,0.08,0.08,0.2,ok,30,601,-0.10000000149011612,0.49999999850988386,999.9999999999991,5,"P3,P7,Pz,CP1,CP5",65,120,128,128,128,9,8,0.6061372498518479
2,ppc,sham,sub-02_PPC_sham_ave.fif,"P3,P7,Pz,CP1,CP5",0.015,0.08,0.08,0.2,ok,30,601,-0.10000000149011612,0.49999999850988386,999.9999999999991,5,"P3,P7,Pz,CP1,CP5",65,120,128,128,128,10,8,0.7795335534595463
3,dlpfc,active,sub-03_DLPFC_active_ave.fif,"Fp2,F4,F8,FC2,FC6",0.015,0.08,0.08,0.2,ok,30,601,-0.10000000149011612,0.49999999850988386,999.9999999999991,5,"Fp2,F4,F8,FC2,FC6",65,120,128,128,128,13,8,0.806016028674895
3,dlpfc,sham,sub-03_DLPFC_sham_ave.fif,"Fp2,F4,F8,FC2,FC6",0.015,0.08,0.08,0.2,ok,30,601,-0.10000000149011612,0.49999999850988386,999.9999999999991,5,"Fp2,F4,F8,FC2,FC6",65,120,128,128,128,8,8,0.5173338733692421
3,m1,active,sub-03_M1_active_ave.fif,"C3,FC1,CP1,FC5,CP5",0.015,0.08,0.08,0.2,ok,30,601,-0.10000000149011612,0.49999999850988386,999.9999999999991,5,"C3,FC1,CP1,FC5,CP5",65,120,128,128,128,9,8,0.6709320106339587
3,m1,sham,sub-03_M1_sham_ave.fif,"C3,FC1,CP1,FC5,CP5",0.015,0.08,0.08,0.2,ok,30,601,-0.10000000149011612,0.49999999850988386,999.9999999999991,5,"C3,FC1,CP1,FC5,CP5",65,120,128,128,128,9,8,0.7163974335793506
3,ppc,active,sub-03_PPC_active_ave.fif,"P3,P7,Pz,CP1,CP5",0.015,0.08,0.08,0.2,ok,30,601,-0.10000000149011612,0.49999999850988386,999.9999999999991,5,"P3,P7,Pz,CP1,CP5",65,120,128,128,128,8,8,0.5086589776735844
3,ppc,sham,sub-03_PPC_sham_ave.fif,"P3,P7,Pz,CP1,CP5",0.015,0.08,0.08,0.2,ok,30,601,-0.10000000149011612,0.49999999850988386,999.9999999999991,5,"P3,P7,Pz,CP1,CP5",65,120,128,128,128,9,8,0.7302187299053648
4,dlpfc,active,sub-04_DLPFC_active_ave.fif,"Fp2,F4,F8,FC2,FC6",0.015,0.08,0.08,0.2,ok,30,601,-0.10000000149011612,0.49999999850988386,999.9999999999991,5,"Fp2,F4,F8,FC2,FC6",65,120,128,128,128,18,8,0.9704349725608215
4,dlpfc,sham,sub-04_DLPFC_sham_ave.fif,"Fp2,F4,F8,FC2,FC6",0.015,0.08,0.08,0.2,ok,30,601,-0.10000000149011612,0.49999999850988386,999.9999999999991,5,"Fp2,F4,F8,FC2,FC6",65,120,128,128,128,12,8,0.6664471238434182
4,m1,active,sub-04_M1_active_ave.fif,"C3,FC1,CP1,FC5,CP5",0.015,0.08,0.08,0.2,ok,30,601,-0.10000000149011612,0.49999999850988386,999.9999999999991,5,"C3,FC1,CP1,FC5,CP5",65,120,128,128,128,9,8,0.7474849015892573
4,m1,sham,sub-04_M1_sham_ave.fif,"C3,FC1,CP1,FC5,CP5",0.015,0.08,0.08,0.2,ok,30,601,-0.10000000149011612,0.49999999850988386,999.9999999999991,5,"C3,FC1,CP1,FC5,CP5",65,120,128,128,128,9,8,0.7588233876456998
4,ppc,active,sub-04_PPC_active_ave.fif,"P3,P7,Pz,CP1,CP5",0.015,0.08,0.08,0.2,ok,30,601,-0.10000000149011612,0.49999999850988386,999.9999999999991,5,"P3,P7,Pz,CP1,CP5",65,120,128,128,128,8,8,0.6628364290807762
4,ppc,sham,sub-04_PPC_sham_ave.fif,"P3,P7,Pz,CP1,CP5",0.015,0.08,0.08,0.2,ok,30,601,-0.10000000149011612,0.49999999850988386,999.9999999999991,5,"P3,P7,Pz,CP1,CP5",65,120,128,128,128,8,8,0.6235664124294731
5,dlpfc,active,sub-05_DLPFC_active_ave.fif,"Fp2,F4,F8,FC2,FC6",0.015,0.08,0.08,0.2,ok,30,601,-0.10000000149011612,0.49999999850988386,999.9999999999991,5,"Fp2,F4,F8,FC2,FC6",65,120,128,128,128,9,8,0.5797521342743883
5,dlpfc,sham,sub-05_DLPFC_sham_ave.fif,"Fp2,F4,F8,FC2,FC6",0.015,0.08,0.08,0.2,ok,30,601,-0.10000000149011612,0.49999999850988386,999.9999999999991,5,"Fp2,F4,F8,FC2,FC6",65,120,128,128,128,8,8,0.5086067859227109
5,m1,active,sub-05_M1_active_ave.fif,"C3,FC1,CP1,FC5,CP5",0.015,0.08,0.08,0.2,ok,30,601,-0.10000000149011612,0.49999999850988386,999.9999999999991,5,"C3,FC1,CP1,FC5,CP5",65,120,128,128,128,9,8,0.7297096807822956
5,m1,sham,sub-05_M1_sham_ave.fif,"C3,FC1,CP1,FC5,CP5",0.015,0.08,0.08,0.2,ok,30,601,-0.10000000149011612,0.49999999850988386,999.9999999999991,5,"C3,FC1,CP1,FC5,CP5",65,120,128,128,128,24,8,1.0507731076741444
5,ppc,active,sub-05_PPC_active_ave.fif,"P3,P7,Pz,CP1,CP5",0.015,0.08,0.08,0.2,ok,30,601,-0.10000000149011612,0.49999999850988386,999.9999999999991,5,"P3,P7,Pz,CP1,CP5",65,120,128,128,128,8,8,0.6036358042248405
5,ppc,sham,sub-05_PPC_sham_ave.fif,"P3,P7,Pz,CP1,CP5",0.015,0.08,0.08,0.2,ok,30,601,-0.10000000149011612,0.49999999850988386,999.9999999999991,5,"P3,P7,Pz,CP1,CP5",65,120,128,128,128,10,8,0.7164363913724374
6,dlpfc,active,sub-06_DLPFC_active_ave.fif,"Fp2,F4,F8,FC2,FC6",0.015,0.08,0.08,0.2,ok,30,601,-0.10000000149011612,0.49999999850988386,999.9999999999991,5,"Fp2,F4,F8,FC2,FC6",65,120,128,128,128,14,8,0.8809307680997147
6,dlpfc,sham,sub-06_DLPFC_sham_ave.fif,"Fp2,F4,F8,FC2,FC6",0.015,0.08,0.08,0.2,ok,30,601,-0.10000000149011612,0.49999999850988386,999.9999999999991,5,"Fp2,F4,F8,FC2,FC6",65,120,128,128,128,14,9,0.8636219292829432
6,m1,active,sub-06_M1_active_ave.fif,"C3,FC1,CP1,FC5,CP5",0.015,0.08,0.08,0.2,ok,30,601,-0.10000000149011612,0.49999999850988386,999.9999999999991,5,"C3,FC1,CP1,FC5,CP5",65,120,128,128,128,9,8,0.4546688307429619
6,m1,sham,sub-06_M1_sham_ave.fif,"C3,FC1,CP1,FC5,CP5",0.015,0.08,0.08,0.2,ok,30,601,-0.10000000149011612,0.49999999850988386,999.9999999999991,5,"C3,FC1,CP1,FC5,CP5",65,120,128,128,128,9,8,0.7693022781519485
6,ppc,active,sub-06_PPC_active_ave.fif,"P3,P7,Pz,CP1,CP5",0.015,0.08,0.08,0.2,ok,30,601,-0.10000000149011612,0.49999999850988386,999.9999999999991,5,"P3,P7,Pz,CP1,CP5",65,120,128,128,128,9,8,0.7149057173199393
6,ppc,sham,sub-06_PPC_sham_ave.fif,"P3,P7,Pz,CP1,CP5",0.015,0.08,0.08,0.2,ok,30,601,-0.10000000149011612,0.49999999850988386,999.9999999999991,5,"P3,P7,Pz,CP1,CP5",65,120,128,128,128,9,8,0.6897873078137425
7,dlpfc,active,sub-07_DLPFC_active_ave.fif,"Fp2,F4,F8,FC2,FC6",0.015,0.08,0.08,0.2,ok,30,601,-0.10000000149011612,0.49999999850988386,999.9999999999991,5,"Fp2,F4,F8,FC2,FC6",65,120,128,128,128,8,8,0.8085624252267235
7,dlpfc,sham,sub-07_DLPFC_sham_ave.fif,"Fp2,F4,F8,FC2,FC6",0.015,0.08,0.08,0.2,ok,30,601,-0.10000000149011612,0.49999999850988386,999.9999999999991,5,"Fp2,F4,F8,FC2,FC6",65,120,128,128,128,9,8,0.7528418528401545
7,m1,active,sub-07_M1_active_ave.fif,"C3,FC1,CP1,FC5,CP5",0.015,0.08,0.08,0.2,ok,30,601,-0.10000000149011612,0.49999999850988386,999.9999999999991,5,"C3,FC1,CP1,FC5,CP5",65,120,128,128,128,9,8,0.6942080186263679
7,m1,sham,sub-07_M1_sham_ave.fif,"C3,FC1,CP1,FC5,CP5",0.015,0.08,0.08,0.2,ok,30,601,-0.10000000149011612,0.49999999850988386,999.9999999999991,5,"C3,FC1,CP1,FC5,CP5",65,120,128,128,128,10,8,0.7380615931589141
7,ppc,active,sub-07_PPC_active_ave.fif,"P3,P7,Pz,CP1,CP5",0.015,0.08,0.08,0.2,ok,30,601,-0.10000000149011612,0.49999999850988386,999.9999999999991,5,"P3,P7,Pz,CP1,CP5",65,120,128,128,128,9,8,0.6277110566782067
7,ppc,sham,sub-07_PPC_sham_ave.fif,"P3,P7,Pz,CP1,CP5",0.015,0.08,0.08,0.2,ok,30,601,-0.10000000149011612,0.49999999850988386,999.9999999999991,5,"P3,P7,Pz,CP1,CP5",65,120,128,128,128,9,8,0.5781170958262399
8,dlpfc,active,sub-08_DLPFC_active_ave.fif,"Fp2,F4,F8,FC2,FC6",0.015,0.08,0.08,0.2,ok,30,601,-0.10000000149011612,0.49999999850988386,999.9999999999991,5,"Fp2,F4,F8,FC2,FC6",65,120,128,128,128,12,13,0.8096630330089725
8,dlpfc,sham,sub-08_DLPFC_sham_ave.fif,"Fp2,F4,F8,FC2,FC6",0.015,0.08,0.08,0.2,ok,30,601,-0.10000000149011612,0.49999999850988386,999.9999999999991,5,"Fp2,F4,F8,FC2,FC6",65,120,128,128,128,12,8,0.8646658434112436
8,m1,active,sub-08_M1_active_ave.fif,"C3,FC1,CP1,FC5,CP5",0.015,0.08,0.08,0.2,ok,30,601,-0.10000000149011612,0.49999999850988386,999.9999999999991,5,"C3,FC1,CP1,FC5,CP5",65,120,128,128,128,9,8,0.6253085078095906
8,m1,sham,sub-08_M1_sham_ave.fif,"C3,FC1,CP1,FC5,CP5",0.015,0.08,0.08,0.2,ok,30,601,-0.10000000149011612,0.49999999850988386,999.9999999999991,5,"C3,FC1,CP1,FC5,CP5",65,120,128,128,128,9,8,0.7530947583089056
8,ppc,active,sub-08_PPC_active_ave.fif,"P3,P7,Pz,CP1,CP5",0.015,0.08,0.08,0.2,ok,30,601,-0.10000000149011612,0.49999999850988386,999.9999999999991,5,"P3,P7,Pz,CP1,CP5",65,120,128,128,128,8,8,0.5904837699841616
8,ppc,sham,sub-08_PPC_sham_ave.fif,"P3,P7,Pz,CP1,CP5",0.015,0.08,0.08,0.2,ok,30,601,-0.10000000149011612,0.49999999850988386,999.9999999999991,5,"P3,P7,Pz,CP1,CP5",65,120,128,128,128,9,8,0.6273514359714317
9,dlpfc,active,sub-09_DLPFC_active_ave.fif,"Fp2,F4,F8,FC2,FC6",0.015,0.08,0.08,0.2,ok,30,601,-0.10000000149011612,0.49999999850988386,999.9999999999991,5,"Fp2,F4,F8,FC2,FC6",65,120,128,128,128,17,8,0.6254301004066871
9,dlpfc,sham,sub-09_DLPFC_sham_ave.fif,"Fp2,F4,F8,FC2,FC6",0.015,0.08,0.08,0.2,ok,30,601,-0.10000000149011612,0.49999999850988386,999.9999999999991,5,"Fp2,F4,F8,FC2,FC6",65,120,128,128,128,8,8,0.5363818164473093
9,m1,active,sub-09_M1_active_ave.fif,"C3,FC1,CP1,FC5,CP5",0.015,0.08,0.08,0.2,ok,30,601,-0.10000000149011612,0.49999999850988386,999.9999999999991,5,"C3,FC1,CP1,FC5,CP5",65,120,128,128,128,9,8,0.6630212433186231
9,m1,sham,sub-09_M1_sham_ave.fif,"C3,FC1,CP1,FC5,CP5",0.015,0.08,0.08,0.2,ok,30,601,-0.10000000149011612,0.49999999850988386,999.9999999999991,5,"C3,FC1,CP1,FC5,CP5",65,120,128,128,128,9,8,0.7014056859527912
9,ppc,active,sub-09_PPC_active_ave.fif,"P3,P7,Pz,CP1,CP5",0.015,0.08,0.08,0.2,ok,30,601,-0.10000000149011612,0.49999999850988386,999.9999999999991,5,"P3,P7,Pz,CP1,CP5",65,120,128,128,128,10,8,0.8466802681558708
9,ppc,sham,sub-09_PPC_sham_ave.fif,"P3,P7,Pz,CP1,CP5",0.015,0.08,0.08,0.2,ok,30,601,-0.10000000149011612,0.49999999850988386,999.9999999999991,5,"P3,P7,Pz,CP1,CP5",65,120,128,128,128,9,8,0.6856815806327171
10,dlpfc,active,sub-10_DLPFC_active_ave.fif,"Fp2,F4,F8,FC2,FC6",0.015,0.08,0.08,0.2,ok,30,601,-0.10000000149011612,0.49999999850988386,999.9999999999991,5,"Fp2,F4,F8,FC2,FC6",65,120,128,128,128,13,9,0.6535945979508242
10,dlpfc,sham,sub-10_DLPFC_sham_ave.fif,"Fp2,F4,F8,FC2,FC6",0.015,0.08,0.08,0.2,ok,30,601,-0.10000000149011612,0.49999999850988386,999.9999999999991,5,"Fp2,F4,F8,FC2,FC6",65,120,128,128,128,10,8,0.6614707033966314
10,m1,active,sub-10_M1_active_ave.fif,"C3,FC1,CP1,FC5,CP5",0.015,0.08,0.08,0.2,ok,30,601,-0.10000000149011612,0.49999999850988386,999.9999999999991,5,"C3,FC1,CP1,FC5,CP5",65,120,128,128,128,9,8,0.7429134438664602
10,m1,sham,sub-10_M1_sham_ave.fif,"C3,FC1,CP1,FC5,CP5",0.015,0.08,0.08,0.2,ok,30,601,-0.10000000149011612,0.49999999850988386,999.9999999999991,5,"C3,FC1,CP1,FC5,CP5",65,120,128,128,128,9,8,0.7273425846668088
10,ppc,active,sub-10_PPC_active_ave.fif,"P3,P7,Pz,CP1,CP5",0.015,0.08,0.08,0.2,ok,30,601,-0.10000000149011612,0.49999999850988386,999.9999999999991,5,"P3,P7,Pz,CP1,CP5",65,120,128,128,128,13,9,0.7246572395832789
10,ppc,sham,sub-10_PPC_sham_ave.fif,"P3,P7,Pz,CP1,CP5",0.015,0.08,0.08,0.2,ok,30,601,-0.10000000149011612,0.49999999850988386,999.9999999999991,5,"P3,P7,Pz,CP1,CP5",65,120,128,128,128,9,8,0.7231431739202246
11,dlpfc,active,sub-11_DLPFC_active_ave.fif,"Fp2,F4,F8,FC2,FC6",0.015,0.08,0.08,0.2,ok,30,601,-0.10000000149011612,0.49999999850988386,999.9999999999991,5,"Fp2,F4,F8,FC2,FC6",65,120,128,128,128,9,8,0.6259333383841925
11,dlpfc,sham,sub-11_DLPFC_sham_ave.fif,"Fp2,F4,F8,FC2,FC6",0.015,0.08,0.08,0.2,ok,30,601,-0.10000000149011612,0.49999999850988386,999.9999999999991,5,"Fp2,F4,F8,FC2,FC6",65,120,128,128,128,8,8,0.8912608020230256
11,m1,active,sub-11_M1_active_ave.fif,"C3,FC1,CP1,FC5,CP5",0.015,0.08,0.08,0.2,ok,30,601,-0.10000000149011612,0.49999999850988386,999.9999999999991,5,"C3,FC1,CP1,FC5,CP5",65,120,128,128,128,9,8,0.7602195360621683
11,m1,sham,sub-11_M1_sham_ave.fif,"C3,FC1,CP1,FC5,CP5",0.015,0.08,0.08,0.2,ok,30,601,-0.10000000149011612,0.49999999850988386,999.9999999999991,5,"C3,FC1,CP1,FC5,CP5",65,120,128,128,128,9,8,0.7216465396253667
11,ppc,active,sub-11_PPC_active_ave.fif,"P3,P7,Pz,CP1,CP5",0.015,0.08,0.08,0.2,ok,30,601,-0.10000000149011612,0.49999999850988386,999.9999999999991,5,"P3,P7,Pz,CP1,CP5",65,120,128,128,128,10,8,0.7474467552451923
11,ppc,sham,sub-11_PPC_sham_ave.fif,"P3,P7,Pz,CP1,CP5",0.015,0.08,0.08,0.2,ok,30,601,-0.10000000149011612,0.49999999850988386,999.9999999999991,5,"P3,P7,Pz,CP1,CP5",65,120,128,128,128,9,8,0.6446377297878552
12,dlpfc,active,sub-12_DLPFC_active_ave.fif,"Fp2,F4,F8,FC2,FC6",0.015,0.08,0.08,0.2,ok,30,601,-0.10000000149011612,0.49999999850988386,999.9999999999991,5,"Fp2,F4,F8,FC2,FC6",65,120,128,128,128,11,8,0.8867515776957574
12,dlpfc,sham,sub-12_DLPFC_sham_ave.fif,"Fp2,F4,F8,FC2,FC6",0.015,0.08,0.08,0.2,ok,30,601,-0.10000000149011612,0.49999999850988386,999.9999999999991,5,"Fp2,F4,F8,FC2,FC6",65,120,128,128,128,12,8,0.7900176054956024
12,m1,active,sub-12_M1_active_ave.fif,"C3,FC1,CP1,FC5,CP5",0.015,0.08,0.08,0.2,ok,30,601,-0.10000000149011612,0.49999999850988386,999.9999999999991,5,"C3,FC1,CP1,FC5,CP5",65,120,128,128,128,9,8,0.5062193379329089
12,m1,sham,sub-12_M1_sham_ave.fif,"C3,FC1,CP1,FC5,CP5",0.015,0.08,0.08,0.2,ok,30,601,-0.10000000149011612,0.49999999850988386,999.9999999999991,5,"C3,FC1,CP1,FC5,CP5",65,120,128,128,128,9,8,0.658051648503862
12,ppc,active,sub-12_PPC_active_ave.fif,"P3,P7,Pz,CP1,CP5",0.015,0.08,0.08,0.2,ok,30,601,-0.10000000149011612,0.49999999850988386,999.9999999999991,5,"P3,P7,Pz,CP1,CP5",65,120,128,128,128,8,8,0.592952826448541
12,ppc,sham,sub-12_PPC_sham_ave.fif,"P3,P7,Pz,CP1,CP5",0.015,0.08,0.08,0.2,ok,30,601,-0.10000000149011612,0.49999999850988386,999.9999999999991,5,"P3,P7,Pz,CP1,CP5",65,120,128,128,128,10,8,0.6536082970079063
13,dlpfc,active,sub-13_DLPFC_active_ave.fif,"Fp2,F4,F8,FC2,FC6",0.015,0.08,0.08,0.2,ok,30,601,-0.10000000149011612,0.49999999850988386,999.9999999999991,5,"Fp2,F4,F8,FC2,FC6",65,120,128,128,128,9,10,0.5938119386101447
13,dlpfc,sham,sub-13_DLPFC_sham_ave.fif,"Fp2,F4,F8,FC2,FC6",0.015,0.08,0.08,0.2,ok,30,601,-0.10000000149011612,0.49999999850988386,999.9999999999991,5,"Fp2,F4,F8,FC2,FC6",65,120,128,128,128,8,13,0.7229556840034818
13,m1,active,sub-13_M1_active_ave.fif,"C3,FC1,CP1,FC5,CP5",0.015,0.08,0.08,0.2,ok,30,601,-0.10000000149011612,0.49999999850988386,999.9999999999991,5,"C3,FC1,CP1,FC5,CP5",65,120,128,128,128,8,8,0.4749643463225783
13,m1,sham,sub-13_M1_sham_ave.fif,"C3,FC1,CP1,FC5,CP5",0.015,0.08,0.08,0.2,ok,30,601,-0.10000000149011612,0.49999999850988386,999.9999999999991,5,"C3,FC1,CP1,FC5,CP5",65,120,128,128,128,9,8,0.6712908669496103
13,ppc,active,sub-13_PPC_active_ave.fif,"P3,P7,Pz,CP1,CP5",0.015,0.08,0.08,0.2,ok,30,601,-0.10000000149011612,0.49999999850988386,999.9999999999991,5,"P3,P7,Pz,CP1,CP5",65,120,128,128,128,8,8,0.5876048913108415
13,ppc,sham,sub-13_PPC_sham_ave.fif,"P3,P7,Pz,CP1,CP5",0.015,0.08,0.08,0.2,ok,30,601,-0.10000000149011612,0.49999999850988386,999.9999999999991,5,"P3,P7,Pz,CP1,CP5",65,120,128,128,128,9,8,0.7236934849479894
14,dlpfc,active,sub-14_DLPFC_active_ave.fif,"Fp2,F4,F8,FC2,FC6",0.015,0.08,0.08,0.2,ok,30,601,-0.10000000149011612,0.49999999850988386,999.9999999999991,5,"Fp2,F4,F8,FC2,FC6",65,120,128,128,128,8,8,0.4643144326648412
14,dlpfc,sham,sub-14_DLPFC_sham_ave.fif,"Fp2,F4,F8,FC2,FC6",0.015,0.08,0.08,0.2,ok,30,601,-0.10000000149011612,0.49999999850988386,999.9999999999991,5,"Fp2,F4,F8,FC2,FC6",65,120,128,128,128,10,8,0.6886545919230284
14,m1,active,sub-14_M1_active_ave.fif,"C3,FC1,CP1,FC5,CP5",0.015,0.08,0.08,0.2,ok,30,601,-0.10000000149011612,0.49999999850988386,999.9999999999991,5,"C3,FC1,CP1,FC5,CP5",65,120,128,128,128,12,8,0.6690332233544684
14,m1,sham,sub-14_M1_sham_ave.fif,"C3,FC1,CP1,FC5,CP5",0.015,0.08,0.08,0.2,ok,30,601,-0.10000000149011612,0.49999999850988386,999.9999999999991,5,"C3,FC1,CP1,FC5,CP5",65,120,128,128,128,9,8,0.683099696280372
14,ppc,active,sub-14_PPC_active_ave.fif,"P3,P7,Pz,CP1,CP5",0.015,0.08,0.08,0.2,ok,30,601,-0.10000000149011612,0.49999999850988386,999.9999999999991,5,"P3,P7,Pz,CP1,CP5",65,120,128,128,128,8,8,0.6371877565143278
14,ppc,sham,sub-14_PPC_sham_ave.fif,"P3,P7,Pz,CP1,CP5",0.015,0.08,0.08,0.2,ok,30,601,-0.10000000149011612,0.49999999850988386,999.9999999999991,5,"P3,P7,Pz,CP1,CP5",65,120,128,128,128,9,8,0.6422861700165592
15,dlpfc,active,sub-15_DLPFC_active_ave.fif,"Fp2,F4,F8,FC2,FC6",0.015,0.08,0.08,0.2,ok,30,601,-0.10000000149011612,0.49999999850988386,999.9999999999991,5,"Fp2,F4,F8,FC2,FC6",65,120,128,128,128,16,8,0.7394984771120826
15,dlpfc,sham,sub-15_DLPFC_sham_ave.fif,"Fp2,F4,F8,FC2,FC6",0.015,0.08,0.08,0.2,ok,30,601,-0.10000000149011612,0.49999999850988386,999.9999999999991,5,"Fp2,F4,F8,FC2,FC6",65,120,128,128,128,8,8,0.5882251563357854
15,m1,active,sub-15_M1_active_ave.fif,"C3,FC1,CP1,FC5,CP5",0.015,0.08,0.08,0.2,ok,30,601,-0.10000000149011612,0.49999999850988386,999.9999999999991,5,"C3,FC1,CP1,FC5,CP5",65,120,128,128,128,9,8,0.6158211633129895
15,m1,sham,sub-15_M1_sham_ave.fif,"C3,FC1,CP1,FC5,CP5",0.015,0.08,0.08,0.2,ok,30,601,-0.10000000149011612,0.49999999850988386,999.9999999999991,5,"C3,FC1,CP1,FC5,CP5",65,120,128,128,128,9,8,0.6871677647962984
15,ppc,active,sub-15_PPC_active_ave.fif,"P3,P7,Pz,CP1,CP5",0.015,0.08,0.08,0.2,ok,30,601,-0.10000000149011612,0.49999999850988386,999.9999999999991,5,"P3,P7,Pz,CP1,CP5",65,120,128,128,128,8,8,0.5823765551206674
15,ppc,sham,sub-15_PPC_sham_ave.fif,"P3,P7,Pz,CP1,CP5",0.015,0.08,0.08,0.2,ok,30,601,-0.10000000149011612,0.49999999850988386,999.9999999999991,5,"P3,P7,Pz,CP1,CP5",65,120,128,128,128,9,8,0.7744803420954516
16,dlpfc,active,sub-16_DLPFC_active_ave.fif,"Fp2,F4,F8,FC2,FC6",0.015,0.08,0.08,0.2,ok,30,601,-0.10000000149011612,0.49999999850988386,999.9999999999991,5,"Fp2,F4,F8,FC2,FC6",65,120,128,128,128,12,8,0.5340613816169711
16,dlpfc,sham,sub-16_DLPFC_sham_ave.fif,"Fp2,F4,F8,FC2,FC6",0.015,0.08,0.08,0.2,ok,30,601,-0.10000000149011612,0.49999999850988386,999.9999999999991,5,"Fp2,F4,F8,FC2,FC6",65,120,128,128,128,9,8,0.6424904957003403
16,m1,active,sub-16_M1_active_ave.fif,"C3,FC1,CP1,FC5,CP5",0.015,0.08,0.08,0.2,ok,30,601,-0.10000000149011612,0.49999999850988386,999.9999999999991,5,"C3,FC1,CP1,FC5,CP5",65,120,128,128,128,9,8,0.6120433249447006
16,m1,sham,sub-16_M1_sham_ave.fif,"C3,FC1,CP1,FC5,CP5",0.015,0.08,0.08,0.2,ok,30,601,-0.10000000149011612,0.49999999850988386,999.9999999999991,5,"C3,FC1,CP1,FC5,CP5",65,120,128,128,128,9,8,0.6806881211295096
16,ppc,active,sub-16_PPC_active_ave.fif,"P3,P7,Pz,CP1,CP5",0.015,0.08,0.08,0.2,ok,30,601,-0.10000000149011612,0.49999999850988386,999.9999999999991,5,"P3,P7,Pz,CP1,CP5",65,120,128,128,128,13,8,0.5815074829061415
16,ppc,sham,sub-16_PPC_sham_ave.fif,"P3,P7,Pz,CP1,CP5",0.015,0.08,0.08,0.2,ok,30,601,-0.10000000149011612,0.49999999850988386,999.9999999999991,5,"P3,P7,Pz,CP1,CP5",65,120,128,128,128,9,8,0.6892162151617036
17,dlpfc,active,sub-17_DLPFC_active_ave.fif,"Fp2,F4,F8,FC2,FC6",0.015,0.08,0.08,0.2,ok,30,601,-0.10000000149011612,0.49999999850988386,999.9999999999991,5,"Fp2,F4,F8,FC2,FC6",65,120,128,128,128,10,8,0.6620646408818169
17,dlpfc,sham,sub-17_DLPFC_sham_ave.fif,"Fp2,F4,F8,FC2,FC6",0.015,0.08,0.08,0.2,ok,30,601,-0.10000000149011612,0.49999999850988386,999.9999999999991,5,"Fp2,F4,F8,FC2,FC6",65,120,128,128,128,14,9,0.8816797038253784
17,m1,active,sub-17_M1_active_ave.fif,"C3,FC1,CP1,FC5,CP5",0.015,0.08,0.08,0.2,ok,30,601,-0.10000000149011612,0.49999999850988386,999.9999999999991,5,"C3,FC1,CP1,FC5,CP5",65,120,128,128,128,9,8,0.7272431046040427
17,m1,sham,sub-17_M1_sham_ave.fif,"C3,FC1,CP1,FC5,CP5",0.015,0.08,0.08,0.2,ok,30,601,-0.10000000149011612,0.49999999850988386,999.9999999999991,5,"C3,FC1,CP1,FC5,CP5",65,120,128,128,128,9,8,0.6707787542966916
17,ppc,active,sub-17_PPC_active_ave.fif,"P3,P7,Pz,CP1,CP5",0.015,0.08,0.08,0.2,ok,30,601,-0.10000000149011612,0.49999999850988386,999.9999999999991,5,"P3,P7,Pz,CP1,CP5",65,120,128,128,128,8,8,0.5416490760173134
17,ppc,sham,sub-17_PPC_sham_ave.fif,"P3,P7,Pz,CP1,CP5",0.015,0.08,0.08,0.2,ok,30,601,-0.10000000149011612,0.49999999850988386,999.9999999999991,5,"P3,P7,Pz,CP1,CP5",65,120,128,128,128,9,8,0.7213888686240304
18,dlpfc,active,sub-18_DLPFC_active_ave.fif,"Fp2,F4,F8,FC2,FC6",0.015,0.08,0.08,0.2,ok,30,601,-0.10000000149011612,0.49999999850988386,999.9999999999991,5,"Fp2,F4,F8,FC2,FC6",65,120,128,128,128,11,8,0.7490523707003435
18,dlpfc,sham,sub-18_DLPFC_sham_ave.fif,"Fp2,F4,F8,FC2,FC6",0.015,0.08,0.08,0.2,ok,30,601,-0.10000000149011612,0.49999999850988386,999.9999999999991,5,"Fp2,F4,F8,FC2,FC6",65,120,128,128,128,11,8,0.7143357969702679
18,m1,active,sub-18_M1_active_ave.fif,"C3,FC1,CP1,FC5,CP5",0.015,0.08,0.08,0.2,ok,30,601,-0.10000000149011612,0.49999999850988386,999.9999999999991,5,"C3,FC1,CP1,FC5,CP5",65,120,128,128,128,9,8,0.7080643920358746
18,m1,sham,sub-18_M1_sham_ave.fif,"C3,FC1,CP1,FC5,CP5",0.015,0.08,0.08,0.2,ok,30,601,-0.10000000149011612,0.49999999850988386,999.9999999999991,5,"C3,FC1,CP1,FC5,CP5",65,120,128,128,128,9,8,0.723014956726084
18,ppc,active,sub-18_PPC_active_ave.fif,"P3,P7,Pz,CP1,CP5",0.015,0.08,0.08,0.2,ok,30,601,-0.10000000149011612,0.49999999850988386,999.9999999999991,5,"P3,P7,Pz,CP1,CP5",65,120,128,128,128,9,8,0.7092334571441354
18,ppc,sham,sub-18_PPC_sham_ave.fif,"P3,P7,Pz,CP1,CP5",0.015,0.08,0.08,0.2,ok,30,601,-0.10000000149011612,0.49999999850988386,999.9999999999991,5,"P3,P7,Pz,CP1,CP5",65,120,128,128,128,9,8,0.7148478707266408
19,dlpfc,active,sub-19_DLPFC_active_ave.fif,"Fp2,F4,F8,FC2,FC6",0.015,0.08,0.08,0.2,ok,30,601,-0.10000000149011612,0.49999999850988386,999.9999999999991,5,"Fp2,F4,F8,FC2,FC6",65,120,128,128,128,10,9,0.7655578438925161
19,dlpfc,sham,sub-19_DLPFC_sham_ave.fif,"Fp2,F4,F8,FC2,FC6",0.015,0.08,0.08,0.2,ok,30,601,-0.10000000149011612,0.49999999850988386,999.9999999999991,5,"Fp2,F4,F8,FC2,FC6",65,120,128,128,128,9,8,0.6669989933120172
19,m1,active,sub-19_M1_active_ave.fif,"C3,FC1,CP1,FC5,CP5",0.015,0.08,0.08,0.2,ok,30,601,-0.10000000149011612,0.49999999850988386,999.9999999999991,5,"C3,FC1,CP1,FC5,CP5",65,120,128,128,128,10,8,0.6520728992171649
19,m1,sham,sub-19_M1_sham_ave.fif,"C3,FC1,CP1,FC5,CP5",0.015,0.08,0.08,0.2,ok,30,601,-0.10000000149011612,0.49999999850988386,999.9999999999991,5,"C3,FC1,CP1,FC5,CP5",65,120,128,128,128,9,8,0.5370176963173292
19,ppc,active,sub-19_PPC_active_ave.fif,"P3,P7,Pz,CP1,CP5",0.015,0.08,0.08,0.2,ok,30,601,-0.10000000149011612,0.49999999850988386,999.9999999999991,5,"P3,P7,Pz,CP1,CP5",65,120,128,128,128,8,8,0.6302775163782925
19,ppc,sham,sub-19_PPC_sham_ave.fif,"P3,P7,Pz,CP1,CP5",0.015,0.08,0.08,0.2,ok,30,601,-0.10000000149011612,0.49999999850988386,999.9999999999991,5,"P3,P7,Pz,CP1,CP5",65,120,128,128,128,9,8,0.6661674188123246
20,dlpfc,active,sub-20_DLPFC_active_ave.fif,"Fp2,F4,F8,FC2,FC6",0.015,0.08,0.08,0.2,ok,30,601,-0.10000000149011612,0.49999999850988386,999.9999999999991,5,"Fp2,F4,F8,FC2,FC6",65,120,128,128,128,9,8,1.556357446971601
20,dlpfc,sham,sub-20_DLPFC_sham_ave.fif,"Fp2,F4,F8,FC2,FC6",0.015,0.08,0.08,0.2,ok,30,601,-0.10000000149011612,0.49999999850988386,999.9999999999991,5,"Fp2,F4,F8,FC2,FC6",65,120,128,128,128,10,8,0.7098612652637406
20,m1,active,sub-20_M1_active_ave.fif,"C3,FC1,CP1,FC5,CP5",0.015,0.08,0.08,0.2,ok,30,601,-0.10000000149011612,0.49999999850988386,999.9999999999991,5,"C3,FC1,CP1,FC5,CP5",65,120,128,128,128,9,8,0.6302442034490463
20,m1,sham,sub-20_M1_sham_ave.fif,"C3,FC1,CP1,FC5,CP5",0.015,0.08,0.08,0.2,ok,30,601,-0.10000000149011612,0.49999999850988386,999.9999999999991,5,"C3,FC1,CP1,FC5,CP5",65,120,128,128,128,10,8,0.8126790862193941
20,ppc,active,sub-20_PPC_active_ave.fif,"P3,P7,Pz,CP1,CP5",0.015,0.08,0.08,0.2,ok,30,601,-0.10000000149011612,0.49999999850988386,999.9999999999991,5,"P3,P7,Pz,CP1,CP5",65,120,128,128,128,8,8,0.6831785042545158
20,ppc,sham,sub-20_PPC_sham_ave.fif,"P3,P7,Pz,CP1,CP5",0.015,0.08,0.08,0.2,ok,30,601,-0.10000000149011612,0.49999999850988386,999.9999999999991,5,"P3,P7,Pz,CP1,CP5",65,120,128,128,128,9,8,0.7104315150531016
