subject,site,cond,window,tmin,tmax,roi_names,agg_used_for_entropy,entropy_bins,entropy_shannon_bits,fit_valid,fit_issues,file
1,dlpfc,active,early,0.015,0.08,"Fp2,F4,F8,FC2,FC6",mean,8,2.4303041004654165,True,,sub-01_DLPFC_active_ave.fif
1,dlpfc,sham,early,0.015,0.08,"Fp2,F4,F8,FC2,FC6",mean,8,2.4683241727235425,True,,sub-01_DLPFC_sham_ave.fif
1,m1,active,early,0.015,0.08,"C3,FC1,CP1,FC5,CP5",mean,8,2.609645335701513,True,,sub-01_M1_active_ave.fif
1,m1,sham,early,0.015,0.08,"C3,FC1,CP1,FC5,CP5",mean,8,2.5885161287817176,True,,sub-01_M1_sham_ave.fif
1,ppc,active,early,0.015,0.08,"P3,P7,Pz,CP1,CP5",mean,8,2.6770172705369406,True,,sub-01_PPC_active_ave.fif
1,ppc,sham,early,0.015,0.08,"P3,P7,Pz,CP1,CP5",mean,8,2.5687703364643153,True,,sub-01_PPC_sham_ave.fif
2,dlpfc,active,early,0.015,0.08,"Fp2,F4,F8,FC2,FC6",mean,9,2.4496510272930827,True,,sub-02_DLPFC_active_ave.fif
2,dlpfc,sham,early,0.015,0.08,"Fp2,F4,F8,FC2,FC6",mean,9,2.5791372913857566,True,,sub-02_DLPFC_sham_ave.fif
2,m1,active,early,0.015,0.08,"C3,FC1,CP1,FC5,CP5",mean,8,2.599608390391988,True,,sub-02_M1_active_ave.fif
2,m1,sham,early,0.015,0.08,"C3,FC1,CP1,FC5,CP5",mean,8,2.5829527605545164,True,,sub-02_M1_sham_ave.fif
2,ppc,active,early,0.015,0.08,"P3,P7,Pz,CP1,CP5",mean,8,2.5529154810211487,True,,sub-02_PPC_active_ave.fif
2,ppc,sham,early,0.015,0.08,"P3,P7,Pz,CP1,CP5",mean,8,2.5365069286573734,True,,sub-02_PPC_sham_ave.fif
3,dlpfc,active,early,0.015,0.08,"Fp2,F4,F8,FC2,FC6",mean,11,2.8165926069469043,True,,sub-03_DLPFC_active_ave.fif
3,dlpfc,sham,early,0.015,0.08,"Fp2,F4,F8,FC2,FC6",mean,8,2.5215103131365293,True,,sub-03_DLPFC_sham_ave.fif
3,m1,active,early,0.015,0.08,"C3,FC1,CP1,FC5,CP5",mean,8,2.6311830289712526,True,,sub-03_M1_active_ave.fif
3,m1,sham,early,0.015,0.08,"C3,FC1,CP1,FC5,CP5",mean,8,2.574179301143472,True,,sub-03_M1_sham_ave.fif
3,ppc,active,early,0.015,0.08,"P3,P7,Pz,CP1,CP5",mean,8,2.652346123928649,True,,sub-03_PPC_active_ave.fif
3,ppc,sham,early,0.015,0.08,"P3,P7,Pz,CP1,CP5",mean,8,2.5946727232974496,True,,sub-03_PPC_sham_ave.fif
4,dlpfc,active,early,0.015,0.08,"Fp2,F4,F8,FC2,FC6",mean,15,2.9834195314737655,True,,sub-04_DLPFC_active_ave.fif
4,dlpfc,sham,early,0.015,0.08,"Fp2,F4,F8,FC2,FC6",mean,9,2.5806566825844173,True,,sub-04_DLPFC_sham_ave.fif
4,m1,active,early,0.015,0.08,"C3,FC1,CP1,FC5,CP5",mean,8,2.6032561044671794,True,,sub-04_M1_active_ave.fif
4,m1,sham,early,0.015,0.08,"C3,FC1,CP1,FC5,CP5",mean,8,2.5687703364643153,True,,sub-04_M1_sham_ave.fif
4,ppc,active,early,0.015,0.08,"P3,P7,Pz,CP1,CP5",mean,8,2.707921269114733,True,,sub-04_PPC_active_ave.fif
4,ppc,sham,early,0.015,0.08,"P3,P7,Pz,CP1,CP5",mean,8,2.675478095870126,True,,sub-04_PPC_sham_ave.fif
5,dlpfc,active,early,0.015,0.08,"Fp2,F4,F8,FC2,FC6",mean,8,2.554292758276497,True,,sub-05_DLPFC_active_ave.fif
5,dlpfc,sham,early,0.015,0.08,"Fp2,F4,F8,FC2,FC6",mean,8,2.5429914416308472,True,,sub-05_DLPFC_sham_ave.fif
5,m1,active,early,0.015,0.08,"C3,FC1,CP1,FC5,CP5",mean,8,2.6393470874763296,True,,sub-05_M1_active_ave.fif
5,m1,sham,early,0.015,0.08,"C3,FC1,CP1,FC5,CP5",mean,17,2.8511473937562806,True,,sub-05_M1_sham_ave.fif
5,ppc,active,early,0.015,0.08,"P3,P7,Pz,CP1,CP5",mean,8,2.6706032530244856,True,,sub-05_PPC_active_ave.fif
5,ppc,sham,early,0.015,0.08,"P3,P7,Pz,CP1,CP5",mean,8,2.568820324398505,True,,sub-05_PPC_sham_ave.fif
6,dlpfc,active,early,0.015,0.08,"Fp2,F4,F8,FC2,FC6",mean,11,2.7138278683421175,True,,sub-06_DLPFC_active_ave.fif
6,dlpfc,sham,early,0.015,0.08,"Fp2,F4,F8,FC2,FC6",mean,11,2.696813818145708,True,,sub-06_DLPFC_sham_ave.fif
6,m1,active,early,0.015,0.08,"C3,FC1,CP1,FC5,CP5",mean,8,2.4718393624939177,True,,sub-06_M1_active_ave.fif
6,m1,sham,early,0.015,0.08,"C3,FC1,CP1,FC5,CP5",mean,8,2.6119577092162714,True,,sub-06_M1_sham_ave.fif
6,ppc,active,early,0.015,0.08,"P3,P7,Pz,CP1,CP5",mean,8,2.6328217358194523,True,,sub-06_PPC_active_ave.fif
6,ppc,sham,early,0.015,0.08,"P3,P7,Pz,CP1,CP5",mean,8,2.60554480222021,True,,sub-06_PPC_sham_ave.fif
7,dlpfc,active,early,0.015,0.08,"Fp2,F4,F8,FC2,FC6",mean,8,2.728006774371408,True,,sub-07_DLPFC_active_ave.fif
7,dlpfc,sham,early,0.015,0.08,"Fp2,F4,F8,FC2,FC6",mean,8,2.612713420429538,True,,sub-07_DLPFC_sham_ave.fif
7,m1,active,early,0.015,0.08,"C3,FC1,CP1,FC5,CP5",mean,8,2.6024772869448256,True,,sub-07_M1_active_ave.fif
7,m1,sham,early,0.015,0.08,"C3,FC1,CP1,FC5,CP5",mean,8,2.5202727759342007,True,,sub-07_M1_sham_ave.fif
7,ppc,active,early,0.015,0.08,"P3,P7,Pz,CP1,CP5",mean,8,2.6197485169985804,True,,sub-07_PPC_active_ave.fif
7,ppc,sham,early,0.015,0.08,"P3,P7,Pz,CP1,CP5",mean,8,2.575766031179611,True,,sub-07_PPC_sham_ave.fif
8,dlpfc,active,early,0.015,0.08,"Fp2,F4,F8,FC2,FC6",mean,9,2.5123135175624314,True,,sub-08_DLPFC_active_ave.fif
8,dlpfc,sham,early,0.015,0.08,"Fp2,F4,F8,FC2,FC6",mean,9,2.589117667509529,True,,sub-08_DLPFC_sham_ave.fif
8,m1,active,early,0.015,0.08,"C3,FC1,CP1,FC5,CP5",mean,8,2.626289594747476,True,,sub-08_M1_active_ave.fif
8,m1,sham,early,0.015,0.08,"C3,FC1,CP1,FC5,CP5",mean,8,2.539298925574623,True,,sub-08_M1_sham_ave.fif
8,ppc,active,early,0.015,0.08,"P3,P7,Pz,CP1,CP5",mean,8,2.6445975309564735,True,,sub-08_PPC_active_ave.fif
8,ppc,sham,early,0.015,0.08,"P3,P7,Pz,CP1,CP5",mean,8,2.575766031179611,True,,sub-08_PPC_sham_ave.fif
9,dlpfc,active,early,0.015,0.08,"Fp2,F4,F8,FC2,FC6",mean,16,2.627534887013232,True,,sub-09_DLPFC_active_ave.fif
9,dlpfc,sham,early,0.015,0.08,"Fp2,F4,F8,FC2,FC6",mean,8,2.640480802458286,True,,sub-09_DLPFC_sham_ave.fif
9,m1,active,early,0.015,0.08,"C3,FC1,CP1,FC5,CP5",mean,8,2.6195640525932515,True,,sub-09_M1_active_ave.fif
9,m1,sham,early,0.015,0.08,"C3,FC1,CP1,FC5,CP5",mean,8,2.6117594889458755,True,,sub-09_M1_sham_ave.fif
9,ppc,active,early,0.015,0.08,"P3,P7,Pz,CP1,CP5",mean,8,2.5165512664561103,True,,sub-09_PPC_active_ave.fif
9,ppc,sham,early,0.015,0.08,"P3,P7,Pz,CP1,CP5",mean,8,2.591803826744612,True,,sub-09_PPC_sham_ave.fif
10,dlpfc,active,early,0.015,0.08,"Fp2,F4,F8,FC2,FC6",mean,10,2.6044111052988814,True,,sub-10_DLPFC_active_ave.fif
10,dlpfc,sham,early,0.015,0.08,"Fp2,F4,F8,FC2,FC6",mean,8,2.529372726896251,True,,sub-10_DLPFC_sham_ave.fif
10,m1,active,early,0.015,0.08,"C3,FC1,CP1,FC5,CP5",mean,8,2.5870169794995492,True,,sub-10_M1_active_ave.fif
10,m1,sham,early,0.015,0.08,"C3,FC1,CP1,FC5,CP5",mean,8,2.5710902219031238,True,,sub-10_M1_sham_ave.fif
10,ppc,active,early,0.015,0.08,"P3,P7,Pz,CP1,CP5",mean,11,2.707512782764789,True,,sub-10_PPC_active_ave.fif
10,ppc,sham,early,0.015,0.08,"P3,P7,Pz,CP1,CP5",mean,8,2.647198618979761,True,,sub-10_PPC_sham_ave.fif
11,dlpfc,active,early,0.015,0.08,"Fp2,F4,F8,FC2,FC6",mean,8,2.6017722402331174,True,,sub-11_DLPFC_active_ave.fif
11,dlpfc,sham,early,0.015,0.08,"Fp2,F4,F8,FC2,FC6",mean,8,2.747006019487675,True,,sub-11_DLPFC_sham_ave.fif
11,m1,active,early,0.015,0.08,"C3,FC1,CP1,FC5,CP5",mean,8,2.626289594747476,True,,sub-11_M1_active_ave.fif
11,m1,sham,early,0.015,0.08,"C3,FC1,CP1,FC5,CP5",mean,8,2.599608390391988,True,,sub-11_M1_sham_ave.fif
11,ppc,active,early,0.015,0.08,"P3,P7,Pz,CP1,CP5",mean,8,2.43408474981304,True,,sub-11_PPC_active_ave.fif
11,ppc,sham,early,0.015,0.08,"P3,P7,Pz,CP1,CP5",mean,8,2.6177228052982526,True,,sub-11_PPC_sham_ave.fif
12,dlpfc,active,early,0.015,0.08,"Fp2,F4,F8,FC2,FC6",mean,9,2.691518674254097,True,,sub-12_DLPFC_active_ave.fif
12,dlpfc,sham,early,0.015,0.08,"Fp2,F4,F8,FC2,FC6",mean,10,2.7314371367761043,True,,sub-12_DLPFC_sham_ave.fif
12,m1,active,early,0.015,0.08,"C3,FC1,CP1,FC5,CP5",mean,8,2.428987564991819,True,,sub-12_M1_active_ave.fif
12,m1,sham,early,0.015,0.08,"C3,FC1,CP1,FC5,CP5",mean,8,2.6084637397437063,True,,sub-12_M1_sham_ave.fif
12,ppc,active,early,0.015,0.08,"P3,P7,Pz,CP1,CP5",mean,8,2.64604671036508,True,,sub-12_PPC_active_ave.fif
12,ppc,sham,early,0.015,0.08,"P3,P7,Pz,CP1,CP5",mean,8,2.489080217453913,True,,sub-12_PPC_sham_ave.fif
13,dlpfc,active,early,0.015,0.08,"Fp2,F4,F8,FC2,FC6",mean,8,2.6213434192012177,True,,sub-13_DLPFC_active_ave.fif
13,dlpfc,sham,early,0.015,0.08,"Fp2,F4,F8,FC2,FC6",mean,8,2.7567703026939525,True,,sub-13_DLPFC_sham_ave.fif
13,m1,active,early,0.015,0.08,"C3,FC1,CP1,FC5,CP5",mean,8,2.607926295069257,True,,sub-13_M1_active_ave.fif
13,m1,sham,early,0.015,0.08,"C3,FC1,CP1,FC5,CP5",mean,8,2.5854537836553253,True,,sub-13_M1_sham_ave.fif
13,ppc,active,early,0.015,0.08,"P3,P7,Pz,CP1,CP5",mean,8,2.589666139308334,True,,sub-13_PPC_active_ave.fif
13,ppc,sham,early,0.015,0.08,"P3,P7,Pz,CP1,CP5",mean,8,2.6385497849838293,True,,sub-13_PPC_sham_ave.fif
14,dlpfc,active,early,0.015,0.08,"Fp2,F4,F8,FC2,FC6",mean,8,2.8168044448012535,True,,sub-14_DLPFC_active_ave.fif
14,dlpfc,sham,early,0.015,0.08,"Fp2,F4,F8,FC2,FC6",mean,8,2.66639197291203,True,,sub-14_DLPFC_sham_ave.fif
14,m1,active,early,0.015,0.08,"C3,FC1,CP1,FC5,CP5",mean,10,2.659718667034165,True,,sub-14_M1_active_ave.fif
14,m1,sham,early,0.015,0.08,"C3,FC1,CP1,FC5,CP5",mean,8,2.6024772869448256,True,,sub-14_M1_sham_ave.fif
14,ppc,active,early,0.015,0.08,"P3,P7,Pz,CP1,CP5",mean,8,2.6602561117086148,True,,sub-14_PPC_active_ave.fif
14,ppc,sham,early,0.015,0.08,"P3,P7,Pz,CP1,CP5",mean,8,2.626289594747476,True,,sub-14_PPC_sham_ave.fif
15,dlpfc,active,early,0.015,0.08,"Fp2,F4,F8,FC2,FC6",mean,13,2.6836181872760525,True,,sub-15_DLPFC_active_ave.fif
15,dlpfc,sham,early,0.015,0.08,"Fp2,F4,F8,FC2,FC6",mean,8,2.833059295860902,True,,sub-15_DLPFC_sham_ave.fif
15,m1,active,early,0.015,0.08,"C3,FC1,CP1,FC5,CP5",mean,8,2.6379664579493705,True,,sub-15_M1_active_ave.fif
15,m1,sham,early,0.015,0.08,"C3,FC1,CP1,FC5,CP5",mean,8,2.6278919787367467,True,,sub-15_M1_sham_ave.fif
15,ppc,active,early,0.015,0.08,"P3,P7,Pz,CP1,CP5",mean,8,2.6115973476882925,True,,sub-15_PPC_active_ave.fif
15,ppc,sham,early,0.015,0.08,"P3,P7,Pz,CP1,CP5",mean,8,2.5946727232974496,True,,sub-15_PPC_sham_ave.fif
16,dlpfc,active,early,0.015,0.08,"Fp2,F4,F8,FC2,FC6",mean,10,2.6442821670575984,True,,sub-16_DLPFC_active_ave.fif
16,dlpfc,sham,early,0.015,0.08,"Fp2,F4,F8,FC2,FC6",mean,8,2.527589348364517,True,,sub-16_DLPFC_sham_ave.fif
16,m1,active,early,0.015,0.08,"C3,FC1,CP1,FC5,CP5",mean,8,2.512664373796926,True,,sub-16_M1_active_ave.fif
16,m1,sham,early,0.015,0.08,"C3,FC1,CP1,FC5,CP5",mean,8,2.612712850976897,True,,sub-16_M1_sham_ave.fif
16,ppc,active,early,0.015,0.08,"P3,P7,Pz,CP1,CP5",mean,11,2.6634377439473917,True,,sub-16_PPC_active_ave.fif
16,ppc,sham,early,0.015,0.08,"P3,P7,Pz,CP1,CP5",mean,8,2.609645335701513,True,,sub-16_PPC_sham_ave.fif
17,dlpfc,active,early,0.015,0.08,"Fp2,F4,F8,FC2,FC6",mean,8,2.2993056960592,True,,sub-17_DLPFC_active_ave.fif
17,dlpfc,sham,early,0.015,0.08,"Fp2,F4,F8,FC2,FC6",mean,11,2.876669017942597,True,,sub-17_DLPFC_sham_ave.fif
17,m1,active,early,0.015,0.08,"C3,FC1,CP1,FC5,CP5",mean,8,2.5429914416308472,True,,sub-17_M1_active_ave.fif
17,m1,sham,early,0.015,0.08,"C3,FC1,CP1,FC5,CP5",mean,8,2.565681257223967,True,,sub-17_M1_sham_ave.fif
17,ppc,active,early,0.015,0.08,"P3,P7,Pz,CP1,CP5",mean,8,2.6780794270327917,True,,sub-17_PPC_active_ave.fif
17,ppc,sham,early,0.015,0.08,"P3,P7,Pz,CP1,CP5",mean,8,2.6195640525932515,True,,sub-17_PPC_sham_ave.fif
18,dlpfc,active,early,0.015,0.08,"Fp2,F4,F8,FC2,FC6",mean,9,2.6457528099033936,True,,sub-18_DLPFC_active_ave.fif
18,dlpfc,sham,early,0.015,0.08,"Fp2,F4,F8,FC2,FC6",mean,9,2.5010318846932353,True,,sub-18_DLPFC_sham_ave.fif
18,m1,active,early,0.015,0.08,"C3,FC1,CP1,FC5,CP5",mean,8,2.5871280174681246,True,,sub-18_M1_active_ave.fif
18,m1,sham,early,0.015,0.08,"C3,FC1,CP1,FC5,CP5",mean,8,2.6328217358194523,True,,sub-18_M1_sham_ave.fif
18,ppc,active,early,0.015,0.08,"P3,P7,Pz,CP1,CP5",mean,8,2.591803826744612,True,,sub-18_PPC_active_ave.fif
18,ppc,sham,early,0.015,0.08,"P3,P7,Pz,CP1,CP5",mean,8,2.6117594889458755,True,,sub-18_PPC_sham_ave.fif
19,dlpfc,active,early,0.015,0.08,"Fp2,F4,F8,FC2,FC6",mean,8,2.544843197377566,True,,sub-19_DLPFC_active_ave.fif
19,dlpfc,sham,early,0.015,0.08,"Fp2,F4,F8,FC2,FC6",mean,8,2.6081114835332615,True,,sub-19_DLPFC_sham_ave.fif
19,m1,active,early,0.015,0.08,"C3,FC1,CP1,FC5,CP5",mean,9,2.598333184997618,True,,sub-19_M1_active_ave.fif
19,m1,sham,early,0.015,0.08,"C3,FC1,CP1,FC5,CP5",mean,8,2.5984531114450675,True,,sub-19_M1_sham_ave.fif
19,ppc,active,early,0.015,0.08,"P3,P7,Pz,CP1,CP5",mean,8,2.6507593938925096,True,,sub-19_PPC_active_ave.fif
19,ppc,sham,early,0.015,0.08,"P3,P7,Pz,CP1,CP5",mean,8,2.6205276077977286,True,,sub-19_PPC_sham_ave.fif
20,dlpfc,active,early,0.015,0.08,"Fp2,F4,F8,FC2,FC6",mean,8,2.6035282272552025,True,,sub-20_DLPFC_active_ave.fif
20,dlpfc,sham,early,0.015,0.08,"Fp2,F4,F8,FC2,FC6",mean,8,2.4812438775656998,True,,sub-20_DLPFC_sham_ave.fif
20,m1,active,early,0.015,0.08,"C3,FC1,CP1,FC5,CP5",mean,8,2.5935578435397453,True,,sub-20_M1_active_ave.fif
20,m1,sham,early,0.015,0.08,"C3,FC1,CP1,FC5,CP5",mean,8,2.541815168171604,True,,sub-20_M1_sham_ave.fif
20,ppc,active,early,0.015,0.08,"P3,P7,Pz,CP1,CP5",mean,8,2.6847077172209244,True,,sub-20_PPC_active_ave.fif
20,ppc,sham,early,0.015,0.08,"P3,P7,Pz,CP1,CP5",mean,8,2.6743418952868354,True,,sub-20_PPC_sham_ave.fif
1,dlpfc,active,late,0.08,0.2,"Fp2,F4,F8,FC2,FC6",mean,8,2.8056011867637642,False,A1 non-trivial,sub-01_DLPFC_active_ave.fif
1,dlpfc,sham,late,0.08,0.2,"Fp2,F4,F8,FC2,FC6",mean,9,2.9530397145853846,False,A1 non-trivial,sub-01_DLPFC_sham_ave.fif
1,m1,active,late,0.08,0.2,"C3,FC1,CP1,FC5,CP5",mean,8,2.9037732075235088,False,A1 non-trivial,sub-01_M1_active_ave.fif
1,m1,sham,late,0.08,0.2,"C3,FC1,CP1,FC5,CP5",mean,8,2.8829576288953263,False,A1 non-trivial,sub-01_M1_sham_ave.fif
1,ppc,active,late,0.08,0.2,"P3,P7,Pz,CP1,CP5",mean,8,2.896158206510247,False,A1 non-trivial,sub-01_PPC_active_ave.fif
1,ppc,sham,late,0.08,0.2,"P3,P7,Pz,CP1,CP5",mean,8,2.872220833312716,False,A1 non-trivial,sub-01_PPC_sham_ave.fif
2,dlpfc,active,late,0.08,0.2,"Fp2,F4,F8,FC2,FC6",mean,10,2.9523350258288183,False,A1 non-trivial,sub-02_DLPFC_active_ave.fif
2,dlpfc,sham,late,0.08,0.2,"Fp2,F4,F8,FC2,FC6",mean,8,2.828042965794353,False,A1 non-trivial,sub-02_DLPFC_sham_ave.fif
2,m1,active,late,0.08,0.2,"C3,FC1,CP1,FC5,CP5",mean,8,2.8886655979423157,False,A1 non-trivial,sub-02_M1_active_ave.fif
2,m1,sham,late,0.08,0.2,"C3,FC1,CP1,FC5,CP5",mean,8,2.8880917615594814,False,A1 non-trivial,sub-02_M1_sham_ave.fif
2,ppc,active,late,0.08,0.2,"P3,P7,Pz,CP1,CP5",mean,8,2.8889084268479897,False,A1 non-trivial,sub-02_PPC_active_ave.fif
2,ppc,sham,late,0.08,0.2,"P3,P7,Pz,CP1,CP5",mean,8,2.863477465422527,False,A1 non-trivial,sub-02_PPC_sham_ave.fif
3,dlpfc,active,late,0.08,0.2,"Fp2,F4,F8,FC2,FC6",mean,8,2.784096716147043,False,A1 non-trivial,sub-03_DLPFC_active_ave.fif
3,dlpfc,sham,late,0.08,0.2,"Fp2,F4,F8,FC2,FC6",mean,8,2.7551385616872714,False,A1 non-trivial,sub-03_DLPFC_sham_ave.fif
3,m1,active,late,0.08,0.2,"C3,FC1,CP1,FC5,CP5",mean,8,2.885297380950634,False,A1 non-trivial,sub-03_M1_active_ave.fif
3,m1,sham,late,0.08,0.2,"C3,FC1,CP1,FC5,CP5",mean,8,2.88657209257482,False,A1 non-trivial,sub-03_M1_sham_ave.fif
3,ppc,active,late,0.08,0.2,"P3,P7,Pz,CP1,CP5",mean,8,2.8806999431547875,False,A1 non-trivial,sub-03_PPC_active_ave.fif
3,ppc,sham,late,0.08,0.2,"P3,P7,Pz,CP1,CP5",mean,8,2.866849718681067,False,A1 non-trivial,sub-03_PPC_sham_ave.fif
4,dlpfc,active,late,0.08,0.2,"Fp2,F4,F8,FC2,FC6",mean,8,2.890584992027588,False,A1 non-trivial,sub-04_DLPFC_active_ave.fif
4,dlpfc,sham,late,0.08,0.2,"Fp2,F4,F8,FC2,FC6",mean,8,2.6835585066571164,True,,sub-04_DLPFC_sham_ave.fif
4,m1,active,late,0.08,0.2,"C3,FC1,CP1,FC5,CP5",mean,8,2.874274304588843,False,A1 non-trivial,sub-04_M1_active_ave.fif
4,m1,sham,late,0.08,0.2,"C3,FC1,CP1,FC5,CP5",mean,8,2.8811666612950457,False,A1 non-trivial,sub-04_M1_sham_ave.fif
4,ppc,active,late,0.08,0.2,"P3,P7,Pz,CP1,CP5",mean,8,2.9006064626962216,False,A1 non-trivial,sub-04_PPC_active_ave.fif
4,ppc,sham,late,0.08,0.2,"P3,P7,Pz,CP1,CP5",mean,8,2.8732383237578834,False,A1 non-trivial,sub-04_PPC_sham_ave.fif
5,dlpfc,active,late,0.08,0.2,"Fp2,F4,F8,FC2,FC6",mean,8,2.8737502252761997,False,A1 non-trivial,sub-05_DLPFC_active_ave.fif
5,dlpfc,sham,late,0.08,0.2,"Fp2,F4,F8,FC2,FC6",mean,8,2.897580497069699,False,A1 non-trivial,sub-05_DLPFC_sham_ave.fif
5,m1,active,late,0.08,0.2,"C3,FC1,CP1,FC5,CP5",mean,8,2.863970528849432,False,A1 non-trivial,sub-05_M1_active_ave.fif
5,m1,sham,late,0.08,0.2,"C3,FC1,CP1,FC5,CP5",mean,8,2.8642104940567177,True,,sub-05_M1_sham_ave.fif
5,ppc,active,late,0.08,0.2,"P3,P7,Pz,CP1,CP5",mean,8,2.8746250551595494,False,A1 non-trivial,sub-05_PPC_active_ave.fif
5,ppc,sham,late,0.08,0.2,"P3,P7,Pz,CP1,CP5",mean,8,2.868010926590726,False,A1 non-trivial,sub-05_PPC_sham_ave.fif
6,dlpfc,active,late,0.08,0.2,"Fp2,F4,F8,FC2,FC6",mean,8,2.866747060102931,True,,sub-06_DLPFC_active_ave.fif
6,dlpfc,sham,late,0.08,0.2,"Fp2,F4,F8,FC2,FC6",mean,8,2.803282346420175,True,,sub-06_DLPFC_sham_ave.fif
6,m1,active,late,0.08,0.2,"C3,FC1,CP1,FC5,CP5",mean,8,2.848776011729976,False,A1 non-trivial,sub-06_M1_active_ave.fif
6,m1,sham,late,0.08,0.2,"C3,FC1,CP1,FC5,CP5",mean,8,2.897390004583996,False,A1 non-trivial,sub-06_M1_sham_ave.fif
6,ppc,active,late,0.08,0.2,"P3,P7,Pz,CP1,CP5",mean,8,2.895723775067525,False,A1 non-trivial,sub-06_PPC_active_ave.fif
6,ppc,sham,late,0.08,0.2,"P3,P7,Pz,CP1,CP5",mean,8,2.899455720036389,False,A1 non-trivial,sub-06_PPC_sham_ave.fif
7,dlpfc,active,late,0.08,0.2,"Fp2,F4,F8,FC2,FC6",mean,8,2.884461116065292,False,A1 non-trivial,sub-07_DLPFC_active_ave.fif
7,dlpfc,sham,late,0.08,0.2,"Fp2,F4,F8,FC2,FC6",mean,8,2.8898190954826948,False,A1 non-trivial,sub-07_DLPFC_sham_ave.fif
7,m1,active,late,0.08,0.2,"C3,FC1,CP1,FC5,CP5",mean,8,2.8969691527740316,False,A1 non-trivial,sub-07_M1_active_ave.fif
7,m1,sham,late,0.08,0.2,"C3,FC1,CP1,FC5,CP5",mean,9,2.9656222447392055,True,,sub-07_M1_sham_ave.fif
7,ppc,active,late,0.08,0.2,"P3,P7,Pz,CP1,CP5",mean,8,2.8848449140695807,False,A1 non-trivial,sub-07_PPC_active_ave.fif
7,ppc,sham,late,0.08,0.2,"P3,P7,Pz,CP1,CP5",mean,8,2.8858852125410266,False,A1 non-trivial,sub-07_PPC_sham_ave.fif
8,dlpfc,active,late,0.08,0.2,"Fp2,F4,F8,FC2,FC6",mean,12,3.255769032847517,False,A1 non-trivial,sub-08_DLPFC_active_ave.fif
8,dlpfc,sham,late,0.08,0.2,"Fp2,F4,F8,FC2,FC6",mean,8,2.8673982679416126,False,A1 non-trivial,sub-08_DLPFC_sham_ave.fif
8,m1,active,late,0.08,0.2,"C3,FC1,CP1,FC5,CP5",mean,8,2.8535129524846266,True,,sub-08_M1_active_ave.fif
8,m1,sham,late,0.08,0.2,"C3,FC1,CP1,FC5,CP5",mean,8,2.8949570513826965,False,A1 non-trivial,sub-08_M1_sham_ave.fif
8,ppc,active,late,0.08,0.2,"P3,P7,Pz,CP1,CP5",mean,8,2.8777584287419877,False,A1 non-trivial,sub-08_PPC_active_ave.fif
8,ppc,sham,late,0.08,0.2,"P3,P7,Pz,CP1,CP5",mean,8,2.885104627469331,False,A1 non-trivial,sub-08_PPC_sham_ave.fif
9,dlpfc,active,late,0.08,0.2,"Fp2,F4,F8,FC2,FC6",mean,8,2.7909243121323257,False,A1 non-trivial,sub-09_DLPFC_active_ave.fif
9,dlpfc,sham,late,0.08,0.2,"Fp2,F4,F8,FC2,FC6",mean,8,2.7650184696849243,False,A1 non-trivial,sub-09_DLPFC_sham_ave.fif
9,m1,active,late,0.08,0.2,"C3,FC1,CP1,FC5,CP5",mean,8,2.8608781748703698,True,,sub-09_M1_active_ave.fif
9,m1,sham,late,0.08,0.2,"C3,FC1,CP1,FC5,CP5",mean,8,2.8898163642759283,False,A1 non-trivial,sub-09_M1_sham_ave.fif
9,ppc,active,late,0.08,0.2,"P3,P7,Pz,CP1,CP5",mean,8,2.8663318246103175,False,A1 non-trivial,sub-09_PPC_active_ave.fif
9,ppc,sham,late,0.08,0.2,"P3,P7,Pz,CP1,CP5",mean,8,2.862580248412929,False,A1 non-trivial,sub-09_PPC_sham_ave.fif
10,dlpfc,active,late,0.08,0.2,"Fp2,F4,F8,FC2,FC6",mean,8,2.5945129645422065,False,A1 non-trivial,sub-10_DLPFC_active_ave.fif
10,dlpfc,sham,late,0.08,0.2,"Fp2,F4,F8,FC2,FC6",mean,8,2.9058096684685992,True,,sub-10_DLPFC_sham_ave.fif
10,m1,active,late,0.08,0.2,"C3,FC1,CP1,FC5,CP5",mean,8,2.889265849804044,False,A1 non-trivial,sub-10_M1_active_ave.fif
10,m1,sham,late,0.08,0.2,"C3,FC1,CP1,FC5,CP5",mean,8,2.8958645606780262,False,A1 non-trivial,sub-10_M1_sham_ave.fif
10,ppc,active,late,0.08,0.2,"P3,P7,Pz,CP1,CP5",mean,9,2.8428635025470643,False,A1 non-trivial,sub-10_PPC_active_ave.fif
10,ppc,sham,late,0.08,0.2,"P3,P7,Pz,CP1,CP5",mean,8,2.866636898206643,False,A1 non-trivial,sub-10_PPC_sham_ave.fif
11,dlpfc,active,late,0.08,0.2,"Fp2,F4,F8,FC2,FC6",mean,8,2.810772184572932,False,A1 non-trivial,sub-11_DLPFC_active_ave.fif
11,dlpfc,sham,late,0.08,0.2,"Fp2,F4,F8,FC2,FC6",mean,8,2.826549642997981,True,,sub-11_DLPFC_sham_ave.fif
11,m1,active,late,0.08,0.2,"C3,FC1,CP1,FC5,CP5",mean,8,2.886450322578124,False,A1 non-trivial,sub-11_M1_active_ave.fif
11,m1,sham,late,0.08,0.2,"C3,FC1,CP1,FC5,CP5",mean,8,2.880047282972679,False,A1 non-trivial,sub-11_M1_sham_ave.fif
11,ppc,active,late,0.08,0.2,"P3,P7,Pz,CP1,CP5",mean,8,2.9065663316375616,False,A1 non-trivial,sub-11_PPC_active_ave.fif
11,ppc,sham,late,0.08,0.2,"P3,P7,Pz,CP1,CP5",mean,8,2.887650021523695,False,A1 non-trivial,sub-11_PPC_sham_ave.fif
12,dlpfc,active,late,0.08,0.2,"Fp2,F4,F8,FC2,FC6",mean,8,2.8688790459606173,False,A1 non-trivial,sub-12_DLPFC_active_ave.fif
12,dlpfc,sham,late,0.08,0.2,"Fp2,F4,F8,FC2,FC6",mean,8,2.8349823057990955,True,,sub-12_DLPFC_sham_ave.fif
12,m1,active,late,0.08,0.2,"C3,FC1,CP1,FC5,CP5",mean,8,2.8990075389322474,False,A1 non-trivial,sub-12_M1_active_ave.fif
12,m1,sham,late,0.08,0.2,"C3,FC1,CP1,FC5,CP5",mean,8,2.8728047883637506,False,A1 non-trivial,sub-12_M1_sham_ave.fif
12,ppc,active,late,0.08,0.2,"P3,P7,Pz,CP1,CP5",mean,8,2.847314876578948,False,A1 non-trivial,sub-12_PPC_active_ave.fif
12,ppc,sham,late,0.08,0.2,"P3,P7,Pz,CP1,CP5",mean,8,2.877207549383425,False,A1 non-trivial,sub-12_PPC_sham_ave.fif
13,dlpfc,active,late,0.08,0.2,"Fp2,F4,F8,FC2,FC6",mean,10,2.9693364601187624,False,A1 non-trivial,sub-13_DLPFC_active_ave.fif
13,dlpfc,sham,late,0.08,0.2,"Fp2,F4,F8,FC2,FC6",mean,13,3.2843989826872133,True,,sub-13_DLPFC_sham_ave.fif
13,m1,active,late,0.08,0.2,"C3,FC1,CP1,FC5,CP5",mean,8,2.8840087520247897,False,A1 non-trivial,sub-13_M1_active_ave.fif
13,m1,sham,late,0.08,0.2,"C3,FC1,CP1,FC5,CP5",mean,8,2.8762600344929297,True,,sub-13_M1_sham_ave.fif
13,ppc,active,late,0.08,0.2,"P3,P7,Pz,CP1,CP5",mean,8,2.900293917484767,False,A1 non-trivial,sub-13_PPC_active_ave.fif
13,ppc,sham,late,0.08,0.2,"P3,P7,Pz,CP1,CP5",mean,8,2.8756898460792994,False,A1 non-trivial,sub-13_PPC_sham_ave.fif
14,dlpfc,active,late,0.08,0.2,"Fp2,F4,F8,FC2,FC6",mean,8,2.856968665644466,False,A1 non-trivial,sub-14_DLPFC_active_ave.fif
14,dlpfc,sham,late,0.08,0.2,"Fp2,F4,F8,FC2,FC6",mean,8,2.880277569014223,False,A1 non-trivial,sub-14_DLPFC_sham_ave.fif
14,m1,active,late,0.08,0.2,"C3,FC1,CP1,FC5,CP5",mean,8,2.7587351424159943,True,,sub-14_M1_active_ave.fif
14,m1,sham,late,0.08,0.2,"C3,FC1,CP1,FC5,CP5",mean,8,2.8914239053919384,False,A1 non-trivial,sub-14_M1_sham_ave.fif
14,ppc,active,late,0.08,0.2,"P3,P7,Pz,CP1,CP5",mean,8,2.8734737342182837,False,A1 non-trivial,sub-14_PPC_active_ave.fif
14,ppc,sham,late,0.08,0.2,"P3,P7,Pz,CP1,CP5",mean,8,2.8719601704290083,False,A1 non-trivial,sub-14_PPC_sham_ave.fif
15,dlpfc,active,late,0.08,0.2,"Fp2,F4,F8,FC2,FC6",mean,8,2.6738256065796593,False,A1 non-trivial,sub-15_DLPFC_active_ave.fif
15,dlpfc,sham,late,0.08,0.2,"Fp2,F4,F8,FC2,FC6",mean,8,2.772468105403515,True,,sub-15_DLPFC_sham_ave.fif
15,m1,active,late,0.08,0.2,"C3,FC1,CP1,FC5,CP5",mean,8,2.9127014614795583,False,A1 non-trivial,sub-15_M1_active_ave.fif
15,m1,sham,late,0.08,0.2,"C3,FC1,CP1,FC5,CP5",mean,8,2.9051117985477757,False,A1 non-trivial,sub-15_M1_sham_ave.fif
15,ppc,active,late,0.08,0.2,"P3,P7,Pz,CP1,CP5",mean,8,2.888578568806138,False,A1 non-trivial,sub-15_PPC_active_ave.fif
15,ppc,sham,late,0.08,0.2,"P3,P7,Pz,CP1,CP5",mean,8,2.8718206817439604,False,A1 non-trivial,sub-15_PPC_sham_ave.fif
16,dlpfc,active,late,0.08,0.2,"Fp2,F4,F8,FC2,FC6",mean,8,2.914427983438236,False,A1 non-trivial,sub-16_DLPFC_active_ave.fif
16,dlpfc,sham,late,0.08,0.2,"Fp2,F4,F8,FC2,FC6",mean,8,2.794579512168462,True,,sub-16_DLPFC_sham_ave.fif
16,m1,active,late,0.08,0.2,"C3,FC1,CP1,FC5,CP5",mean,8,2.8801533746447223,False,A1 non-trivial,sub-16_M1_active_ave.fif
16,m1,sham,late,0.08,0.2,"C3,FC1,CP1,FC5,CP5",mean,8,2.8689218301492945,False,A1 non-trivial,sub-16_M1_sham_ave.fif
16,ppc,active,late,0.08,0.2,"P3,P7,Pz,CP1,CP5",mean,8,2.863325328102384,False,A1 non-trivial,sub-16_PPC_active_ave.fif
16,ppc,sham,late,0.08,0.2,"P3,P7,Pz,CP1,CP5",mean,8,2.878103310481662,False,A1 non-trivial,sub-16_PPC_sham_ave.fif
17,dlpfc,active,late,0.08,0.2,"Fp2,F4,F8,FC2,FC6",mean,8,2.7553374173556837,False,A1 non-trivial,sub-17_DLPFC_active_ave.fif
17,dlpfc,sham,late,0.08,0.2,"Fp2,F4,F8,FC2,FC6",mean,8,2.7804725447114635,False,A1 non-trivial,sub-17_DLPFC_sham_ave.fif
17,m1,active,late,0.08,0.2,"C3,FC1,CP1,FC5,CP5",mean,8,2.8974799808883653,False,A1 non-trivial,sub-17_M1_active_ave.fif
17,m1,sham,late,0.08,0.2,"C3,FC1,CP1,FC5,CP5",mean,8,2.8786867620216765,False,A1 non-trivial,sub-17_M1_sham_ave.fif
17,ppc,active,late,0.08,0.2,"P3,P7,Pz,CP1,CP5",mean,8,2.8756898460792994,False,A1 non-trivial,sub-17_PPC_active_ave.fif
17,ppc,sham,late,0.08,0.2,"P3,P7,Pz,CP1,CP5",mean,8,2.891609205346734,False,A1 non-trivial,sub-17_PPC_sham_ave.fif
18,dlpfc,active,late,0.08,0.2,"Fp2,F4,F8,FC2,FC6",mean,8,2.6726632308802554,True,,sub-18_DLPFC_active_ave.fif
18,dlpfc,sham,late,0.08,0.2,"Fp2,F4,F8,FC2,FC6",mean,8,2.814435463824204,False,A1 non-trivial,sub-18_DLPFC_sham_ave.fif
18,m1,active,late,0.08,0.2,"C3,FC1,CP1,FC5,CP5",mean,8,2.897434759038319,False,A1 non-trivial,sub-18_M1_active_ave.fif
18,m1,sham,late,0.08,0.2,"C3,FC1,CP1,FC5,CP5",mean,8,2.903286522577325,False,A1 non-trivial,sub-18_M1_sham_ave.fif
18,ppc,active,late,0.08,0.2,"P3,P7,Pz,CP1,CP5",mean,8,2.86238434215047,False,A1 non-trivial,sub-18_PPC_active_ave.fif
18,ppc,sham,late,0.08,0.2,"P3,P7,Pz,CP1,CP5",mean,8,2.8717946304564963,False,A1 non-trivial,sub-18_PPC_sham_ave.fif
19,dlpfc,active,late,0.08,0.2,"Fp2,F4,F8,FC2,FC6",mean,9,2.8197617572775964,False,A1 non-trivial,sub-19_DLPFC_active_ave.fif
19,dlpfc,sham,late,0.08,0.2,"Fp2,F4,F8,FC2,FC6",mean,8,2.894671736413227,False,A1 non-trivial,sub-19_DLPFC_sham_ave.fif
19,m1,active,late,0.08,0.2,"C3,FC1,CP1,FC5,CP5",mean,8,2.8956338825080907,False,A1 non-trivial,sub-19_M1_active_ave.fif
19,m1,sham,late,0.08,0.2,"C3,FC1,CP1,FC5,CP5",mean,8,2.857167139412179,False,A1 non-trivial,sub-19_M1_sham_ave.fif
19,ppc,active,late,0.08,0.2,"P3,P7,Pz,CP1,CP5",mean,8,2.8777371390373796,False,A1 non-trivial,sub-19_PPC_active_ave.fif
19,ppc,sham,late,0.08,0.2,"P3,P7,Pz,CP1,CP5",mean,8,2.8712136701909623,False,A1 non-trivial,sub-19_PPC_sham_ave.fif
20,dlpfc,active,late,0.08,0.2,"Fp2,F4,F8,FC2,FC6",mean,8,2.9223399562295294,True,,sub-20_DLPFC_active_ave.fif
20,dlpfc,sham,late,0.08,0.2,"Fp2,F4,F8,FC2,FC6",mean,8,2.887447059722022,False,A1 non-trivial,sub-20_DLPFC_sham_ave.fif
20,m1,active,late,0.08,0.2,"C3,FC1,CP1,FC5,CP5",mean,8,2.8840109198754305,False,A1 non-trivial,sub-20_M1_active_ave.fif
20,m1,sham,late,0.08,0.2,"C3,FC1,CP1,FC5,CP5",mean,8,2.891609205346734,False,A1 non-trivial,sub-20_M1_sham_ave.fif
20,ppc,active,late,0.08,0.2,"P3,P7,Pz,CP1,CP5",mean,8,2.8729827964313013,False,A1 non-trivial,sub-20_PPC_active_ave.fif
20,ppc,sham,late,0.08,0.2,"P3,P7,Pz,CP1,CP5",mean,8,2.8502811084478976,True,,sub-20_PPC_sham_ave.fif
